threadcount,inputinfo,Elapsed Time,SP GFLOPS,DP GFLOPS,x87 GFLOPS,CPI Rate,Average CPU Frequency,Total Thread Count,Effective Physical Core Utilization,Effective Logical Core Utilization,Memory Bound,Cache Bound,DRAM Bound,NUMA: % of Remote Accesses,Vectorization,SP FLOPs,Packed,128-bit,256-bit,Scalar,DP FLOPs,x87 FLOPs,Non-FP,FP Arith/Mem Rd Instr. Ratio,FP Arith/Mem Wr Instr. Ratio,Application Command Line,Operating System,Computer Name,Result Size,Collection start time,Collection stop time,Collector Type,Name,Frequency,Logical CPU Count,Metric Name
36,10,0.022050,0.0,0.0,0.0,2.000000,4190299608.000000,1,0.3% (0.114 out of 36),0.3% (0.227 out of 72),0.0,0.0,0.0,0.0,0.0,0.0,0.0,0.0,0.0,0.0,0.0,0.0,0.0,0.0,0.0,"myocyte ""100"" ""1"" ""0"" ""36""","3.10.0-1160.15.2.1chaos.ch6.x86_64 NAME=""Red Hat Enterprise Linux Server"" VERSION=""7.9 (Maipo)"" ID=""rhel"" ID_LIKE=""fedora"" VARIANT=""Server"" VARIANT_ID=""server"" VERSION_ID=""7.9"" PRETTY_NAME=""Red Hat Enterprise Linux Server 7.9 (Maipo)"" ANSI_COLOR=""0;31"" CPE_NAME=""cpe:/o:redhat:enterprise_linux:7.9:GA:server"" HOME_URL=""https://www.redhat.com/"" BUG_REPORT_URL=""https://bugzilla.redhat.com/""  REDHAT_BUGZILLA_PRODUCT=""Red Hat Enterprise Linux 7"" REDHAT_BUGZILLA_PRODUCT_VERSION=7.9 REDHAT_SUPPORT_PRODUCT=""Red Hat Enterprise Linux"" REDHAT_SUPPORT_PRODUCT_VERSION=""7.9""",quartz2391,3316662,22:50:43 21/04/2021 UTC,22:50:43 21/04/2021 UTC,Driverless Perf per-process sampling,Intel(R) Xeon(R) Processor code named Broadwell,2095149804,72,Metric Value
18,10,0.027244,0.0,0.0,0.0,2.000000,4190298162.000000,1,0.3% (0.092 out of 36),0.3% (0.184 out of 72),0.0,0.0,0.0,0.0,0.0,0.0,0.0,0.0,0.0,0.0,0.0,0.0,0.0,0.0,0.0,"myocyte ""100"" ""1"" ""0"" ""18""","3.10.0-1160.15.2.1chaos.ch6.x86_64 NAME=""Red Hat Enterprise Linux Server"" VERSION=""7.9 (Maipo)"" ID=""rhel"" ID_LIKE=""fedora"" VARIANT=""Server"" VARIANT_ID=""server"" VERSION_ID=""7.9"" PRETTY_NAME=""Red Hat Enterprise Linux Server 7.9 (Maipo)"" ANSI_COLOR=""0;31"" CPE_NAME=""cpe:/o:redhat:enterprise_linux:7.9:GA:server"" HOME_URL=""https://www.redhat.com/"" BUG_REPORT_URL=""https://bugzilla.redhat.com/""  REDHAT_BUGZILLA_PRODUCT=""Red Hat Enterprise Linux 7"" REDHAT_BUGZILLA_PRODUCT_VERSION=7.9 REDHAT_SUPPORT_PRODUCT=""Red Hat Enterprise Linux"" REDHAT_SUPPORT_PRODUCT_VERSION=""7.9""",quartz2391,3316780,22:51:03 21/04/2021 UTC,22:51:03 21/04/2021 UTC,Driverless Perf per-process sampling,Intel(R) Xeon(R) Processor code named Broadwell,2095149081,72,Metric Value
9,10,0.023155,0.0,0.0,0.0,2.000000,4190296680.000000,1,0.3% (0.108 out of 36),0.3% (0.216 out of 72),0.0,0.0,0.0,0.0,0.0,0.0,0.0,0.0,0.0,0.0,0.0,0.0,0.0,0.0,0.0,"myocyte ""100"" ""1"" ""0"" ""9""","3.10.0-1160.15.2.1chaos.ch6.x86_64 NAME=""Red Hat Enterprise Linux Server"" VERSION=""7.9 (Maipo)"" ID=""rhel"" ID_LIKE=""fedora"" VARIANT=""Server"" VARIANT_ID=""server"" VERSION_ID=""7.9"" PRETTY_NAME=""Red Hat Enterprise Linux Server 7.9 (Maipo)"" ANSI_COLOR=""0;31"" CPE_NAME=""cpe:/o:redhat:enterprise_linux:7.9:GA:server"" HOME_URL=""https://www.redhat.com/"" BUG_REPORT_URL=""https://bugzilla.redhat.com/""  REDHAT_BUGZILLA_PRODUCT=""Red Hat Enterprise Linux 7"" REDHAT_BUGZILLA_PRODUCT_VERSION=7.9 REDHAT_SUPPORT_PRODUCT=""Red Hat Enterprise Linux"" REDHAT_SUPPORT_PRODUCT_VERSION=""7.9""",quartz2391,3316693,22:51:23 21/04/2021 UTC,22:51:23 21/04/2021 UTC,Driverless Perf per-process sampling,Intel(R) Xeon(R) Processor code named Broadwell,2095148340,72,Metric Value
4,10,0.024766,0.0,0.0,0.0,2.000000,4190295502.000000,1,0.3% (0.101 out of 36),0.3% (0.202 out of 72),0.0,0.0,0.0,0.0,0.0,0.0,0.0,0.0,0.0,0.0,0.0,0.0,0.0,0.0,0.0,"myocyte ""100"" ""1"" ""0"" ""4""","3.10.0-1160.15.2.1chaos.ch6.x86_64 NAME=""Red Hat Enterprise Linux Server"" VERSION=""7.9 (Maipo)"" ID=""rhel"" ID_LIKE=""fedora"" VARIANT=""Server"" VARIANT_ID=""server"" VERSION_ID=""7.9"" PRETTY_NAME=""Red Hat Enterprise Linux Server 7.9 (Maipo)"" ANSI_COLOR=""0;31"" CPE_NAME=""cpe:/o:redhat:enterprise_linux:7.9:GA:server"" HOME_URL=""https://www.redhat.com/"" BUG_REPORT_URL=""https://bugzilla.redhat.com/""  REDHAT_BUGZILLA_PRODUCT=""Red Hat Enterprise Linux 7"" REDHAT_BUGZILLA_PRODUCT_VERSION=7.9 REDHAT_SUPPORT_PRODUCT=""Red Hat Enterprise Linux"" REDHAT_SUPPORT_PRODUCT_VERSION=""7.9""",quartz2391,3333103,22:51:45 21/04/2021 UTC,22:51:45 21/04/2021 UTC,Driverless Perf per-process sampling,Intel(R) Xeon(R) Processor code named Broadwell,2095147751,72,Metric Value
36,11,0.029912,0.0,0.0,0.0,2.000000,4190294292.000000,1,0.2% (0.084 out of 36),0.2% (0.168 out of 72),0.0,0.0,0.0,0.0,0.0,0.0,0.0,0.0,0.0,0.0,0.0,0.0,0.0,0.0,0.0,"myocyte ""100"" ""1"" ""1"" ""36""","3.10.0-1160.15.2.1chaos.ch6.x86_64 NAME=""Red Hat Enterprise Linux Server"" VERSION=""7.9 (Maipo)"" ID=""rhel"" ID_LIKE=""fedora"" VARIANT=""Server"" VARIANT_ID=""server"" VERSION_ID=""7.9"" PRETTY_NAME=""Red Hat Enterprise Linux Server 7.9 (Maipo)"" ANSI_COLOR=""0;31"" CPE_NAME=""cpe:/o:redhat:enterprise_linux:7.9:GA:server"" HOME_URL=""https://www.redhat.com/"" BUG_REPORT_URL=""https://bugzilla.redhat.com/""  REDHAT_BUGZILLA_PRODUCT=""Red Hat Enterprise Linux 7"" REDHAT_BUGZILLA_PRODUCT_VERSION=7.9 REDHAT_SUPPORT_PRODUCT=""Red Hat Enterprise Linux"" REDHAT_SUPPORT_PRODUCT_VERSION=""7.9""",quartz2391,3317113,22:52:04 21/04/2021 UTC,22:52:04 21/04/2021 UTC,Driverless Perf per-process sampling,Intel(R) Xeon(R) Processor code named Broadwell,2095147146,72,Metric Value
18,11,0.024694,0.0,0.0,0.0,2.000000,4190293970.000000,1,0.3% (0.101 out of 36),0.3% (0.203 out of 72),0.0,0.0,0.0,0.0,0.0,0.0,0.0,0.0,0.0,0.0,0.0,0.0,0.0,0.0,0.0,"myocyte ""100"" ""1"" ""1"" ""18""","3.10.0-1160.15.2.1chaos.ch6.x86_64 NAME=""Red Hat Enterprise Linux Server"" VERSION=""7.9 (Maipo)"" ID=""rhel"" ID_LIKE=""fedora"" VARIANT=""Server"" VARIANT_ID=""server"" VERSION_ID=""7.9"" PRETTY_NAME=""Red Hat Enterprise Linux Server 7.9 (Maipo)"" ANSI_COLOR=""0;31"" CPE_NAME=""cpe:/o:redhat:enterprise_linux:7.9:GA:server"" HOME_URL=""https://www.redhat.com/"" BUG_REPORT_URL=""https://bugzilla.redhat.com/""  REDHAT_BUGZILLA_PRODUCT=""Red Hat Enterprise Linux 7"" REDHAT_BUGZILLA_PRODUCT_VERSION=7.9 REDHAT_SUPPORT_PRODUCT=""Red Hat Enterprise Linux"" REDHAT_SUPPORT_PRODUCT_VERSION=""7.9""",quartz2391,3316763,22:52:24 21/04/2021 UTC,22:52:24 21/04/2021 UTC,Driverless Perf per-process sampling,Intel(R) Xeon(R) Processor code named Broadwell,2095146985,72,Metric Value
9,11,0.025572,0.0,0.0,0.0,2.000000,4190295150.000000,1,0.3% (0.098 out of 36),0.3% (0.196 out of 72),0.0,0.0,0.0,0.0,0.0,0.0,0.0,0.0,0.0,0.0,0.0,0.0,0.0,0.0,0.0,"myocyte ""100"" ""1"" ""1"" ""9""","3.10.0-1160.15.2.1chaos.ch6.x86_64 NAME=""Red Hat Enterprise Linux Server"" VERSION=""7.9 (Maipo)"" ID=""rhel"" ID_LIKE=""fedora"" VARIANT=""Server"" VARIANT_ID=""server"" VERSION_ID=""7.9"" PRETTY_NAME=""Red Hat Enterprise Linux Server 7.9 (Maipo)"" ANSI_COLOR=""0;31"" CPE_NAME=""cpe:/o:redhat:enterprise_linux:7.9:GA:server"" HOME_URL=""https://www.redhat.com/"" BUG_REPORT_URL=""https://bugzilla.redhat.com/""  REDHAT_BUGZILLA_PRODUCT=""Red Hat Enterprise Linux 7"" REDHAT_BUGZILLA_PRODUCT_VERSION=7.9 REDHAT_SUPPORT_PRODUCT=""Red Hat Enterprise Linux"" REDHAT_SUPPORT_PRODUCT_VERSION=""7.9""",quartz2391,3317034,22:52:44 21/04/2021 UTC,22:52:44 21/04/2021 UTC,Driverless Perf per-process sampling,Intel(R) Xeon(R) Processor code named Broadwell,2095147575,72,Metric Value
4,11,0.048770,0.0,0.0,0.0,2.000000,2095147693.000000,1,0.3% (0.103 out of 36),0.3% (0.206 out of 72),0.0,0.0,0.0,0.0,0.0,0.0,0.0,0.0,0.0,0.0,0.0,0.0,0.0,0.0,0.0,"myocyte ""100"" ""1"" ""1"" ""4""","3.10.0-1160.15.2.1chaos.ch6.x86_64 NAME=""Red Hat Enterprise Linux Server"" VERSION=""7.9 (Maipo)"" ID=""rhel"" ID_LIKE=""fedora"" VARIANT=""Server"" VARIANT_ID=""server"" VERSION_ID=""7.9"" PRETTY_NAME=""Red Hat Enterprise Linux Server 7.9 (Maipo)"" ANSI_COLOR=""0;31"" CPE_NAME=""cpe:/o:redhat:enterprise_linux:7.9:GA:server"" HOME_URL=""https://www.redhat.com/"" BUG_REPORT_URL=""https://bugzilla.redhat.com/""  REDHAT_BUGZILLA_PRODUCT=""Red Hat Enterprise Linux 7"" REDHAT_BUGZILLA_PRODUCT_VERSION=7.9 REDHAT_SUPPORT_PRODUCT=""Red Hat Enterprise Linux"" REDHAT_SUPPORT_PRODUCT_VERSION=""7.9""",quartz2391,3317004,22:53:05 21/04/2021 UTC,22:53:05 21/04/2021 UTC,Driverless Perf per-process sampling,Intel(R) Xeon(R) Processor code named Broadwell,2095147693,72,Metric Value
36,20,0.025486,0.0,0.0,0.0,2.000000,2095148862.000000,1,0.5% (0.197 out of 36),0.5% (0.393 out of 72),0.0,0.0,0.0,0.0,0.0,0.0,0.0,0.0,0.0,0.0,0.0,0.0,0.0,0.0,0.0,"myocyte ""100"" ""2"" ""0"" ""36""","3.10.0-1160.15.2.1chaos.ch6.x86_64 NAME=""Red Hat Enterprise Linux Server"" VERSION=""7.9 (Maipo)"" ID=""rhel"" ID_LIKE=""fedora"" VARIANT=""Server"" VARIANT_ID=""server"" VERSION_ID=""7.9"" PRETTY_NAME=""Red Hat Enterprise Linux Server 7.9 (Maipo)"" ANSI_COLOR=""0;31"" CPE_NAME=""cpe:/o:redhat:enterprise_linux:7.9:GA:server"" HOME_URL=""https://www.redhat.com/"" BUG_REPORT_URL=""https://bugzilla.redhat.com/""  REDHAT_BUGZILLA_PRODUCT=""Red Hat Enterprise Linux 7"" REDHAT_BUGZILLA_PRODUCT_VERSION=7.9 REDHAT_SUPPORT_PRODUCT=""Red Hat Enterprise Linux"" REDHAT_SUPPORT_PRODUCT_VERSION=""7.9""",quartz2391,3317003,22:53:25 21/04/2021 UTC,22:53:25 21/04/2021 UTC,Driverless Perf per-process sampling,Intel(R) Xeon(R) Processor code named Broadwell,2095148862,72,Metric Value
18,20,0.022211,0.0,0.0,0.0,2.000000,4190298184.000000,1,0.3% (0.113 out of 36),0.3% (0.226 out of 72),0.0,0.0,0.0,0.0,0.0,0.0,0.0,0.0,0.0,0.0,0.0,0.0,0.0,0.0,0.0,"myocyte ""100"" ""2"" ""0"" ""18""","3.10.0-1160.15.2.1chaos.ch6.x86_64 NAME=""Red Hat Enterprise Linux Server"" VERSION=""7.9 (Maipo)"" ID=""rhel"" ID_LIKE=""fedora"" VARIANT=""Server"" VARIANT_ID=""server"" VERSION_ID=""7.9"" PRETTY_NAME=""Red Hat Enterprise Linux Server 7.9 (Maipo)"" ANSI_COLOR=""0;31"" CPE_NAME=""cpe:/o:redhat:enterprise_linux:7.9:GA:server"" HOME_URL=""https://www.redhat.com/"" BUG_REPORT_URL=""https://bugzilla.redhat.com/""  REDHAT_BUGZILLA_PRODUCT=""Red Hat Enterprise Linux 7"" REDHAT_BUGZILLA_PRODUCT_VERSION=7.9 REDHAT_SUPPORT_PRODUCT=""Red Hat Enterprise Linux"" REDHAT_SUPPORT_PRODUCT_VERSION=""7.9""",quartz2391,3316713,22:53:44 21/04/2021 UTC,22:53:44 21/04/2021 UTC,Driverless Perf per-process sampling,Intel(R) Xeon(R) Processor code named Broadwell,2095149092,72,Metric Value
9,20,0.024805,0.0,0.0,0.0,3.000000,3142720332.000000,1,0.6% (0.202 out of 36),0.6% (0.404 out of 72),100.0,100.0,0.0,0.0,0.0,0.0,0.0,0.0,0.0,0.0,0.0,0.0,0.0,0.0,0.0,"myocyte ""100"" ""2"" ""0"" ""9""","3.10.0-1160.15.2.1chaos.ch6.x86_64 NAME=""Red Hat Enterprise Linux Server"" VERSION=""7.9 (Maipo)"" ID=""rhel"" ID_LIKE=""fedora"" VARIANT=""Server"" VARIANT_ID=""server"" VERSION_ID=""7.9"" PRETTY_NAME=""Red Hat Enterprise Linux Server 7.9 (Maipo)"" ANSI_COLOR=""0;31"" CPE_NAME=""cpe:/o:redhat:enterprise_linux:7.9:GA:server"" HOME_URL=""https://www.redhat.com/"" BUG_REPORT_URL=""https://bugzilla.redhat.com/""  REDHAT_BUGZILLA_PRODUCT=""Red Hat Enterprise Linux 7"" REDHAT_BUGZILLA_PRODUCT_VERSION=7.9 REDHAT_SUPPORT_PRODUCT=""Red Hat Enterprise Linux"" REDHAT_SUPPORT_PRODUCT_VERSION=""7.9""",quartz2391,3318031,22:54:02 21/04/2021 UTC,22:54:02 21/04/2021 UTC,Driverless Perf per-process sampling,Intel(R) Xeon(R) Processor code named Broadwell,2095146888,72,Metric Value
4,20,0.024586,0.0,0.0,0.0,2.000000,2095149933.000000,1,0.6% (0.204 out of 36),0.6% (0.408 out of 72),0.0,0.0,0.0,0.0,0.0,0.0,0.0,0.0,0.0,0.0,0.0,0.0,0.0,0.0,0.0,"myocyte ""100"" ""2"" ""0"" ""4""","3.10.0-1160.15.2.1chaos.ch6.x86_64 NAME=""Red Hat Enterprise Linux Server"" VERSION=""7.9 (Maipo)"" ID=""rhel"" ID_LIKE=""fedora"" VARIANT=""Server"" VARIANT_ID=""server"" VERSION_ID=""7.9"" PRETTY_NAME=""Red Hat Enterprise Linux Server 7.9 (Maipo)"" ANSI_COLOR=""0;31"" CPE_NAME=""cpe:/o:redhat:enterprise_linux:7.9:GA:server"" HOME_URL=""https://www.redhat.com/"" BUG_REPORT_URL=""https://bugzilla.redhat.com/""  REDHAT_BUGZILLA_PRODUCT=""Red Hat Enterprise Linux 7"" REDHAT_BUGZILLA_PRODUCT_VERSION=7.9 REDHAT_SUPPORT_PRODUCT=""Red Hat Enterprise Linux"" REDHAT_SUPPORT_PRODUCT_VERSION=""7.9""",quartz2391,3316982,22:54:21 21/04/2021 UTC,22:54:21 21/04/2021 UTC,Driverless Perf per-process sampling,Intel(R) Xeon(R) Processor code named Broadwell,2095149933,72,Metric Value
36,21,0.021726,0.0,0.0,0.0,2.000000,2095147078.000000,1,0.6% (0.231 out of 36),0.6% (0.461 out of 72),0.0,0.0,0.0,0.0,0.0,0.0,0.0,0.0,0.0,0.0,0.0,0.0,0.0,0.0,0.0,"myocyte ""100"" ""2"" ""1"" ""36""","3.10.0-1160.15.2.1chaos.ch6.x86_64 NAME=""Red Hat Enterprise Linux Server"" VERSION=""7.9 (Maipo)"" ID=""rhel"" ID_LIKE=""fedora"" VARIANT=""Server"" VARIANT_ID=""server"" VERSION_ID=""7.9"" PRETTY_NAME=""Red Hat Enterprise Linux Server 7.9 (Maipo)"" ANSI_COLOR=""0;31"" CPE_NAME=""cpe:/o:redhat:enterprise_linux:7.9:GA:server"" HOME_URL=""https://www.redhat.com/"" BUG_REPORT_URL=""https://bugzilla.redhat.com/""  REDHAT_BUGZILLA_PRODUCT=""Red Hat Enterprise Linux 7"" REDHAT_BUGZILLA_PRODUCT_VERSION=7.9 REDHAT_SUPPORT_PRODUCT=""Red Hat Enterprise Linux"" REDHAT_SUPPORT_PRODUCT_VERSION=""7.9""",quartz2391,3333465,22:54:40 21/04/2021 UTC,22:54:40 21/04/2021 UTC,Driverless Perf per-process sampling,Intel(R) Xeon(R) Processor code named Broadwell,2095147078,72,Metric Value
18,21,0.027055,0.0,0.0,0.0,2.000000,2095147190.000000,1,0.5% (0.185 out of 36),0.5% (0.370 out of 72),0.0,0.0,0.0,0.0,0.0,0.0,0.0,0.0,0.0,0.0,0.0,0.0,0.0,0.0,0.0,"myocyte ""100"" ""2"" ""1"" ""18""","3.10.0-1160.15.2.1chaos.ch6.x86_64 NAME=""Red Hat Enterprise Linux Server"" VERSION=""7.9 (Maipo)"" ID=""rhel"" ID_LIKE=""fedora"" VARIANT=""Server"" VARIANT_ID=""server"" VERSION_ID=""7.9"" PRETTY_NAME=""Red Hat Enterprise Linux Server 7.9 (Maipo)"" ANSI_COLOR=""0;31"" CPE_NAME=""cpe:/o:redhat:enterprise_linux:7.9:GA:server"" HOME_URL=""https://www.redhat.com/"" BUG_REPORT_URL=""https://bugzilla.redhat.com/""  REDHAT_BUGZILLA_PRODUCT=""Red Hat Enterprise Linux 7"" REDHAT_BUGZILLA_PRODUCT_VERSION=7.9 REDHAT_SUPPORT_PRODUCT=""Red Hat Enterprise Linux"" REDHAT_SUPPORT_PRODUCT_VERSION=""7.9""",quartz2391,3317018,22:55:00 21/04/2021 UTC,22:55:00 21/04/2021 UTC,Driverless Perf per-process sampling,Intel(R) Xeon(R) Processor code named Broadwell,2095147190,72,Metric Value
9,21,0.023676,0.0,0.0,0.0,2.000000,4190298830.000000,1,0.3% (0.106 out of 36),0.3% (0.212 out of 72),0.0,0.0,0.0,0.0,0.0,0.0,0.0,0.0,0.0,0.0,0.0,0.0,0.0,0.0,0.0,"myocyte ""100"" ""2"" ""1"" ""9""","3.10.0-1160.15.2.1chaos.ch6.x86_64 NAME=""Red Hat Enterprise Linux Server"" VERSION=""7.9 (Maipo)"" ID=""rhel"" ID_LIKE=""fedora"" VARIANT=""Server"" VARIANT_ID=""server"" VERSION_ID=""7.9"" PRETTY_NAME=""Red Hat Enterprise Linux Server 7.9 (Maipo)"" ANSI_COLOR=""0;31"" CPE_NAME=""cpe:/o:redhat:enterprise_linux:7.9:GA:server"" HOME_URL=""https://www.redhat.com/"" BUG_REPORT_URL=""https://bugzilla.redhat.com/""  REDHAT_BUGZILLA_PRODUCT=""Red Hat Enterprise Linux 7"" REDHAT_BUGZILLA_PRODUCT_VERSION=7.9 REDHAT_SUPPORT_PRODUCT=""Red Hat Enterprise Linux"" REDHAT_SUPPORT_PRODUCT_VERSION=""7.9""",quartz2391,3316945,22:55:19 21/04/2021 UTC,22:55:19 21/04/2021 UTC,Driverless Perf per-process sampling,Intel(R) Xeon(R) Processor code named Broadwell,2095149415,72,Metric Value
4,21,0.023336,0.0,0.0,0.0,2.000000,4190293556.000000,1,0.3% (0.107 out of 36),0.3% (0.215 out of 72),0.0,0.0,0.0,0.0,0.0,0.0,0.0,0.0,0.0,0.0,0.0,0.0,0.0,0.0,0.0,"myocyte ""100"" ""2"" ""1"" ""4""","3.10.0-1160.15.2.1chaos.ch6.x86_64 NAME=""Red Hat Enterprise Linux Server"" VERSION=""7.9 (Maipo)"" ID=""rhel"" ID_LIKE=""fedora"" VARIANT=""Server"" VARIANT_ID=""server"" VERSION_ID=""7.9"" PRETTY_NAME=""Red Hat Enterprise Linux Server 7.9 (Maipo)"" ANSI_COLOR=""0;31"" CPE_NAME=""cpe:/o:redhat:enterprise_linux:7.9:GA:server"" HOME_URL=""https://www.redhat.com/"" BUG_REPORT_URL=""https://bugzilla.redhat.com/""  REDHAT_BUGZILLA_PRODUCT=""Red Hat Enterprise Linux 7"" REDHAT_BUGZILLA_PRODUCT_VERSION=7.9 REDHAT_SUPPORT_PRODUCT=""Red Hat Enterprise Linux"" REDHAT_SUPPORT_PRODUCT_VERSION=""7.9""",quartz2391,3316664,22:55:38 21/04/2021 UTC,22:55:38 21/04/2021 UTC,Driverless Perf per-process sampling,Intel(R) Xeon(R) Processor code named Broadwell,2095146778,72,Metric Value
36,30,0.023622,0.0,0.0,0.0,2.000000,4190300192.000000,1,0.3% (0.106 out of 36),0.3% (0.212 out of 72),0.0,0.0,0.0,0.0,0.0,0.0,0.0,0.0,0.0,0.0,0.0,0.0,0.0,0.0,0.0,"myocyte ""100"" ""3"" ""0"" ""36""","3.10.0-1160.15.2.1chaos.ch6.x86_64 NAME=""Red Hat Enterprise Linux Server"" VERSION=""7.9 (Maipo)"" ID=""rhel"" ID_LIKE=""fedora"" VARIANT=""Server"" VARIANT_ID=""server"" VERSION_ID=""7.9"" PRETTY_NAME=""Red Hat Enterprise Linux Server 7.9 (Maipo)"" ANSI_COLOR=""0;31"" CPE_NAME=""cpe:/o:redhat:enterprise_linux:7.9:GA:server"" HOME_URL=""https://www.redhat.com/"" BUG_REPORT_URL=""https://bugzilla.redhat.com/""  REDHAT_BUGZILLA_PRODUCT=""Red Hat Enterprise Linux 7"" REDHAT_BUGZILLA_PRODUCT_VERSION=7.9 REDHAT_SUPPORT_PRODUCT=""Red Hat Enterprise Linux"" REDHAT_SUPPORT_PRODUCT_VERSION=""7.9""",quartz2391,3317082,22:55:57 21/04/2021 UTC,22:55:57 21/04/2021 UTC,Driverless Perf per-process sampling,Intel(R) Xeon(R) Processor code named Broadwell,2095150096,72,Metric Value
18,30,0.027341,0.0,0.0,0.0,3.000000,3142723246.500000,1,0.5% (0.183 out of 36),0.5% (0.367 out of 72),0.0,0.0,0.0,0.0,0.0,0.0,0.0,0.0,0.0,0.0,0.0,0.0,0.0,0.0,0.0,"myocyte ""100"" ""3"" ""0"" ""18""","3.10.0-1160.15.2.1chaos.ch6.x86_64 NAME=""Red Hat Enterprise Linux Server"" VERSION=""7.9 (Maipo)"" ID=""rhel"" ID_LIKE=""fedora"" VARIANT=""Server"" VARIANT_ID=""server"" VERSION_ID=""7.9"" PRETTY_NAME=""Red Hat Enterprise Linux Server 7.9 (Maipo)"" ANSI_COLOR=""0;31"" CPE_NAME=""cpe:/o:redhat:enterprise_linux:7.9:GA:server"" HOME_URL=""https://www.redhat.com/"" BUG_REPORT_URL=""https://bugzilla.redhat.com/""  REDHAT_BUGZILLA_PRODUCT=""Red Hat Enterprise Linux 7"" REDHAT_BUGZILLA_PRODUCT_VERSION=7.9 REDHAT_SUPPORT_PRODUCT=""Red Hat Enterprise Linux"" REDHAT_SUPPORT_PRODUCT_VERSION=""7.9""",quartz2391,3317316,22:56:16 21/04/2021 UTC,22:56:16 21/04/2021 UTC,Driverless Perf per-process sampling,Intel(R) Xeon(R) Processor code named Broadwell,2095148831,72,Metric Value
9,30,0.026236,0.0,0.0,0.0,2.000000,4190297214.000000,1,0.3% (0.096 out of 36),0.3% (0.191 out of 72),0.0,0.0,0.0,0.0,0.0,0.0,0.0,0.0,0.0,0.0,0.0,0.0,0.0,0.0,0.0,"myocyte ""100"" ""3"" ""0"" ""9""","3.10.0-1160.15.2.1chaos.ch6.x86_64 NAME=""Red Hat Enterprise Linux Server"" VERSION=""7.9 (Maipo)"" ID=""rhel"" ID_LIKE=""fedora"" VARIANT=""Server"" VARIANT_ID=""server"" VERSION_ID=""7.9"" PRETTY_NAME=""Red Hat Enterprise Linux Server 7.9 (Maipo)"" ANSI_COLOR=""0;31"" CPE_NAME=""cpe:/o:redhat:enterprise_linux:7.9:GA:server"" HOME_URL=""https://www.redhat.com/"" BUG_REPORT_URL=""https://bugzilla.redhat.com/""  REDHAT_BUGZILLA_PRODUCT=""Red Hat Enterprise Linux 7"" REDHAT_BUGZILLA_PRODUCT_VERSION=7.9 REDHAT_SUPPORT_PRODUCT=""Red Hat Enterprise Linux"" REDHAT_SUPPORT_PRODUCT_VERSION=""7.9""",quartz2391,3333122,22:56:35 21/04/2021 UTC,22:56:35 21/04/2021 UTC,Driverless Perf per-process sampling,Intel(R) Xeon(R) Processor code named Broadwell,2095148607,72,Metric Value
4,30,0.028608,0.0,0.0,0.0,3.000000,3142723035.000000,1,0.5% (0.175 out of 36),0.5% (0.350 out of 72),0.0,0.0,0.0,0.0,0.0,0.0,0.0,0.0,0.0,0.0,0.0,0.0,0.0,0.0,0.0,"myocyte ""100"" ""3"" ""0"" ""4""","3.10.0-1160.15.2.1chaos.ch6.x86_64 NAME=""Red Hat Enterprise Linux Server"" VERSION=""7.9 (Maipo)"" ID=""rhel"" ID_LIKE=""fedora"" VARIANT=""Server"" VARIANT_ID=""server"" VERSION_ID=""7.9"" PRETTY_NAME=""Red Hat Enterprise Linux Server 7.9 (Maipo)"" ANSI_COLOR=""0;31"" CPE_NAME=""cpe:/o:redhat:enterprise_linux:7.9:GA:server"" HOME_URL=""https://www.redhat.com/"" BUG_REPORT_URL=""https://bugzilla.redhat.com/""  REDHAT_BUGZILLA_PRODUCT=""Red Hat Enterprise Linux 7"" REDHAT_BUGZILLA_PRODUCT_VERSION=7.9 REDHAT_SUPPORT_PRODUCT=""Red Hat Enterprise Linux"" REDHAT_SUPPORT_PRODUCT_VERSION=""7.9""",quartz2391,3317275,22:56:54 21/04/2021 UTC,22:56:54 21/04/2021 UTC,Driverless Perf per-process sampling,Intel(R) Xeon(R) Processor code named Broadwell,2095148690,72,Metric Value
36,31,0.025084,0.0,0.0,0.0,2.000000,4190298876.000000,1,0.3% (0.100 out of 36),0.3% (0.200 out of 72),0.0,0.0,0.0,0.0,0.0,0.0,0.0,0.0,0.0,0.0,0.0,0.0,0.0,0.0,0.0,"myocyte ""100"" ""3"" ""1"" ""36""","3.10.0-1160.15.2.1chaos.ch6.x86_64 NAME=""Red Hat Enterprise Linux Server"" VERSION=""7.9 (Maipo)"" ID=""rhel"" ID_LIKE=""fedora"" VARIANT=""Server"" VARIANT_ID=""server"" VERSION_ID=""7.9"" PRETTY_NAME=""Red Hat Enterprise Linux Server 7.9 (Maipo)"" ANSI_COLOR=""0;31"" CPE_NAME=""cpe:/o:redhat:enterprise_linux:7.9:GA:server"" HOME_URL=""https://www.redhat.com/"" BUG_REPORT_URL=""https://bugzilla.redhat.com/""  REDHAT_BUGZILLA_PRODUCT=""Red Hat Enterprise Linux 7"" REDHAT_BUGZILLA_PRODUCT_VERSION=7.9 REDHAT_SUPPORT_PRODUCT=""Red Hat Enterprise Linux"" REDHAT_SUPPORT_PRODUCT_VERSION=""7.9""",quartz2391,3316769,22:57:14 21/04/2021 UTC,22:57:14 21/04/2021 UTC,Driverless Perf per-process sampling,Intel(R) Xeon(R) Processor code named Broadwell,2095149438,72,Metric Value
18,31,0.024941,0.0,0.0,0.0,2.000000,4190298356.000000,1,0.3% (0.100 out of 36),0.3% (0.201 out of 72),0.0,0.0,0.0,0.0,0.0,0.0,0.0,0.0,0.0,0.0,0.0,0.0,0.0,0.0,0.0,"myocyte ""100"" ""3"" ""1"" ""18""","3.10.0-1160.15.2.1chaos.ch6.x86_64 NAME=""Red Hat Enterprise Linux Server"" VERSION=""7.9 (Maipo)"" ID=""rhel"" ID_LIKE=""fedora"" VARIANT=""Server"" VARIANT_ID=""server"" VERSION_ID=""7.9"" PRETTY_NAME=""Red Hat Enterprise Linux Server 7.9 (Maipo)"" ANSI_COLOR=""0;31"" CPE_NAME=""cpe:/o:redhat:enterprise_linux:7.9:GA:server"" HOME_URL=""https://www.redhat.com/"" BUG_REPORT_URL=""https://bugzilla.redhat.com/""  REDHAT_BUGZILLA_PRODUCT=""Red Hat Enterprise Linux 7"" REDHAT_BUGZILLA_PRODUCT_VERSION=7.9 REDHAT_SUPPORT_PRODUCT=""Red Hat Enterprise Linux"" REDHAT_SUPPORT_PRODUCT_VERSION=""7.9""",quartz2391,3316746,22:57:34 21/04/2021 UTC,22:57:34 21/04/2021 UTC,Driverless Perf per-process sampling,Intel(R) Xeon(R) Processor code named Broadwell,2095149178,72,Metric Value
9,31,0.023760,0.0,0.0,0.0,2.000000,4190298458.000000,1,0.3% (0.105 out of 36),0.3% (0.211 out of 72),0.0,0.0,0.0,0.0,0.0,0.0,0.0,0.0,0.0,0.0,0.0,0.0,0.0,0.0,0.0,"myocyte ""100"" ""3"" ""1"" ""9""","3.10.0-1160.15.2.1chaos.ch6.x86_64 NAME=""Red Hat Enterprise Linux Server"" VERSION=""7.9 (Maipo)"" ID=""rhel"" ID_LIKE=""fedora"" VARIANT=""Server"" VARIANT_ID=""server"" VERSION_ID=""7.9"" PRETTY_NAME=""Red Hat Enterprise Linux Server 7.9 (Maipo)"" ANSI_COLOR=""0;31"" CPE_NAME=""cpe:/o:redhat:enterprise_linux:7.9:GA:server"" HOME_URL=""https://www.redhat.com/"" BUG_REPORT_URL=""https://bugzilla.redhat.com/""  REDHAT_BUGZILLA_PRODUCT=""Red Hat Enterprise Linux 7"" REDHAT_BUGZILLA_PRODUCT_VERSION=7.9 REDHAT_SUPPORT_PRODUCT=""Red Hat Enterprise Linux"" REDHAT_SUPPORT_PRODUCT_VERSION=""7.9""",quartz2391,3316716,22:57:53 21/04/2021 UTC,22:57:53 21/04/2021 UTC,Driverless Perf per-process sampling,Intel(R) Xeon(R) Processor code named Broadwell,2095149229,72,Metric Value
4,31,0.035054,0.0,0.0,0.0,2.000000,4190294680.000000,1,0.2% (0.071 out of 36),0.2% (0.143 out of 72),0.0,0.0,0.0,0.0,0.0,0.0,0.0,0.0,0.0,0.0,0.0,0.0,0.0,0.0,0.0,"myocyte ""100"" ""3"" ""1"" ""4""","3.10.0-1160.15.2.1chaos.ch6.x86_64 NAME=""Red Hat Enterprise Linux Server"" VERSION=""7.9 (Maipo)"" ID=""rhel"" ID_LIKE=""fedora"" VARIANT=""Server"" VARIANT_ID=""server"" VERSION_ID=""7.9"" PRETTY_NAME=""Red Hat Enterprise Linux Server 7.9 (Maipo)"" ANSI_COLOR=""0;31"" CPE_NAME=""cpe:/o:redhat:enterprise_linux:7.9:GA:server"" HOME_URL=""https://www.redhat.com/"" BUG_REPORT_URL=""https://bugzilla.redhat.com/""  REDHAT_BUGZILLA_PRODUCT=""Red Hat Enterprise Linux 7"" REDHAT_BUGZILLA_PRODUCT_VERSION=7.9 REDHAT_SUPPORT_PRODUCT=""Red Hat Enterprise Linux"" REDHAT_SUPPORT_PRODUCT_VERSION=""7.9""",quartz2391,3316778,22:58:12 21/04/2021 UTC,22:58:12 21/04/2021 UTC,Driverless Perf per-process sampling,Intel(R) Xeon(R) Processor code named Broadwell,2095147340,72,Metric Value
36,40,0.025535,0.0,0.0,0.0,2.000000,2095146858.000000,1,0.5% (0.196 out of 36),0.5% (0.393 out of 72),0.0,0.0,0.0,0.0,0.0,0.0,0.0,0.0,0.0,0.0,0.0,0.0,0.0,0.0,0.0,"myocyte ""100"" ""4"" ""0"" ""36""","3.10.0-1160.15.2.1chaos.ch6.x86_64 NAME=""Red Hat Enterprise Linux Server"" VERSION=""7.9 (Maipo)"" ID=""rhel"" ID_LIKE=""fedora"" VARIANT=""Server"" VARIANT_ID=""server"" VERSION_ID=""7.9"" PRETTY_NAME=""Red Hat Enterprise Linux Server 7.9 (Maipo)"" ANSI_COLOR=""0;31"" CPE_NAME=""cpe:/o:redhat:enterprise_linux:7.9:GA:server"" HOME_URL=""https://www.redhat.com/"" BUG_REPORT_URL=""https://bugzilla.redhat.com/""  REDHAT_BUGZILLA_PRODUCT=""Red Hat Enterprise Linux 7"" REDHAT_BUGZILLA_PRODUCT_VERSION=7.9 REDHAT_SUPPORT_PRODUCT=""Red Hat Enterprise Linux"" REDHAT_SUPPORT_PRODUCT_VERSION=""7.9""",quartz2391,3317088,22:58:32 21/04/2021 UTC,22:58:32 21/04/2021 UTC,Driverless Perf per-process sampling,Intel(R) Xeon(R) Processor code named Broadwell,2095146858,72,Metric Value
18,40,0.023084,0.0,0.0,0.0,2.000000,4190293336.000000,1,0.3% (0.109 out of 36),0.3% (0.217 out of 72),0.0,0.0,0.0,0.0,0.0,0.0,0.0,0.0,0.0,0.0,0.0,0.0,0.0,0.0,0.0,"myocyte ""100"" ""4"" ""0"" ""18""","3.10.0-1160.15.2.1chaos.ch6.x86_64 NAME=""Red Hat Enterprise Linux Server"" VERSION=""7.9 (Maipo)"" ID=""rhel"" ID_LIKE=""fedora"" VARIANT=""Server"" VARIANT_ID=""server"" VERSION_ID=""7.9"" PRETTY_NAME=""Red Hat Enterprise Linux Server 7.9 (Maipo)"" ANSI_COLOR=""0;31"" CPE_NAME=""cpe:/o:redhat:enterprise_linux:7.9:GA:server"" HOME_URL=""https://www.redhat.com/"" BUG_REPORT_URL=""https://bugzilla.redhat.com/""  REDHAT_BUGZILLA_PRODUCT=""Red Hat Enterprise Linux 7"" REDHAT_BUGZILLA_PRODUCT_VERSION=7.9 REDHAT_SUPPORT_PRODUCT=""Red Hat Enterprise Linux"" REDHAT_SUPPORT_PRODUCT_VERSION=""7.9""",quartz2391,3316722,22:58:52 21/04/2021 UTC,22:58:52 21/04/2021 UTC,Driverless Perf per-process sampling,Intel(R) Xeon(R) Processor code named Broadwell,2095146668,72,Metric Value
9,40,0.024901,0.0,0.0,0.0,2.000000,4190297232.000000,1,0.3% (0.101 out of 36),0.3% (0.201 out of 72),0.0,0.0,0.0,0.0,0.0,0.0,0.0,0.0,0.0,0.0,0.0,0.0,0.0,0.0,0.0,"myocyte ""100"" ""4"" ""0"" ""9""","3.10.0-1160.15.2.1chaos.ch6.x86_64 NAME=""Red Hat Enterprise Linux Server"" VERSION=""7.9 (Maipo)"" ID=""rhel"" ID_LIKE=""fedora"" VARIANT=""Server"" VARIANT_ID=""server"" VERSION_ID=""7.9"" PRETTY_NAME=""Red Hat Enterprise Linux Server 7.9 (Maipo)"" ANSI_COLOR=""0;31"" CPE_NAME=""cpe:/o:redhat:enterprise_linux:7.9:GA:server"" HOME_URL=""https://www.redhat.com/"" BUG_REPORT_URL=""https://bugzilla.redhat.com/""  REDHAT_BUGZILLA_PRODUCT=""Red Hat Enterprise Linux 7"" REDHAT_BUGZILLA_PRODUCT_VERSION=7.9 REDHAT_SUPPORT_PRODUCT=""Red Hat Enterprise Linux"" REDHAT_SUPPORT_PRODUCT_VERSION=""7.9""",quartz2391,3316679,22:59:11 21/04/2021 UTC,22:59:11 21/04/2021 UTC,Driverless Perf per-process sampling,Intel(R) Xeon(R) Processor code named Broadwell,2095148616,72,Metric Value
4,40,0.026697,0.0,0.0,0.0,2.000000,2095149501.000000,1,0.5% (0.188 out of 36),0.5% (0.375 out of 72),0.0,0.0,0.0,0.0,0.0,0.0,0.0,0.0,0.0,0.0,0.0,0.0,0.0,0.0,0.0,"myocyte ""100"" ""4"" ""0"" ""4""","3.10.0-1160.15.2.1chaos.ch6.x86_64 NAME=""Red Hat Enterprise Linux Server"" VERSION=""7.9 (Maipo)"" ID=""rhel"" ID_LIKE=""fedora"" VARIANT=""Server"" VARIANT_ID=""server"" VERSION_ID=""7.9"" PRETTY_NAME=""Red Hat Enterprise Linux Server 7.9 (Maipo)"" ANSI_COLOR=""0;31"" CPE_NAME=""cpe:/o:redhat:enterprise_linux:7.9:GA:server"" HOME_URL=""https://www.redhat.com/"" BUG_REPORT_URL=""https://bugzilla.redhat.com/""  REDHAT_BUGZILLA_PRODUCT=""Red Hat Enterprise Linux 7"" REDHAT_BUGZILLA_PRODUCT_VERSION=7.9 REDHAT_SUPPORT_PRODUCT=""Red Hat Enterprise Linux"" REDHAT_SUPPORT_PRODUCT_VERSION=""7.9""",quartz2391,3317026,22:59:30 21/04/2021 UTC,22:59:30 21/04/2021 UTC,Driverless Perf per-process sampling,Intel(R) Xeon(R) Processor code named Broadwell,2095149501,72,Metric Value
36,41,0.024999,0.0,0.0,0.0,,2095148605.000000,1,0.3% (0.100 out of 36),0.3% (0.200 out of 72),0.0,0.0,0.0,0.0,0.0,0.0,0.0,0.0,0.0,0.0,0.0,0.0,0.0,0.0,0.0,"myocyte ""100"" ""4"" ""1"" ""36""","3.10.0-1160.15.2.1chaos.ch6.x86_64 NAME=""Red Hat Enterprise Linux Server"" VERSION=""7.9 (Maipo)"" ID=""rhel"" ID_LIKE=""fedora"" VARIANT=""Server"" VARIANT_ID=""server"" VERSION_ID=""7.9"" PRETTY_NAME=""Red Hat Enterprise Linux Server 7.9 (Maipo)"" ANSI_COLOR=""0;31"" CPE_NAME=""cpe:/o:redhat:enterprise_linux:7.9:GA:server"" HOME_URL=""https://www.redhat.com/"" BUG_REPORT_URL=""https://bugzilla.redhat.com/""  REDHAT_BUGZILLA_PRODUCT=""Red Hat Enterprise Linux 7"" REDHAT_BUGZILLA_PRODUCT_VERSION=7.9 REDHAT_SUPPORT_PRODUCT=""Red Hat Enterprise Linux"" REDHAT_SUPPORT_PRODUCT_VERSION=""7.9""",quartz2391,3316167,22:59:50 21/04/2021 UTC,22:59:50 21/04/2021 UTC,Driverless Perf per-process sampling,Intel(R) Xeon(R) Processor code named Broadwell,2095148605,72,Metric Value
18,41,0.029793,0.0,0.0,0.0,3.000000,3142719000.000000,1,0.5% (0.168 out of 36),0.5% (0.336 out of 72),0.0,0.0,0.0,0.0,0.0,0.0,0.0,0.0,0.0,0.0,0.0,0.0,0.0,0.0,0.0,"myocyte ""100"" ""4"" ""1"" ""18""","3.10.0-1160.15.2.1chaos.ch6.x86_64 NAME=""Red Hat Enterprise Linux Server"" VERSION=""7.9 (Maipo)"" ID=""rhel"" ID_LIKE=""fedora"" VARIANT=""Server"" VARIANT_ID=""server"" VERSION_ID=""7.9"" PRETTY_NAME=""Red Hat Enterprise Linux Server 7.9 (Maipo)"" ANSI_COLOR=""0;31"" CPE_NAME=""cpe:/o:redhat:enterprise_linux:7.9:GA:server"" HOME_URL=""https://www.redhat.com/"" BUG_REPORT_URL=""https://bugzilla.redhat.com/""  REDHAT_BUGZILLA_PRODUCT=""Red Hat Enterprise Linux 7"" REDHAT_BUGZILLA_PRODUCT_VERSION=7.9 REDHAT_SUPPORT_PRODUCT=""Red Hat Enterprise Linux"" REDHAT_SUPPORT_PRODUCT_VERSION=""7.9""",quartz2391,3333742,23:00:11 21/04/2021 UTC,23:00:11 21/04/2021 UTC,Driverless Perf per-process sampling,Intel(R) Xeon(R) Processor code named Broadwell,2095146000,72,Metric Value
9,41,0.026102,0.0,0.0,0.0,2.000000,2095146620.000000,1,0.5% (0.192 out of 36),0.5% (0.384 out of 72),0.0,0.0,0.0,0.0,0.0,0.0,0.0,0.0,0.0,0.0,0.0,0.0,0.0,0.0,0.0,"myocyte ""100"" ""4"" ""1"" ""9""","3.10.0-1160.15.2.1chaos.ch6.x86_64 NAME=""Red Hat Enterprise Linux Server"" VERSION=""7.9 (Maipo)"" ID=""rhel"" ID_LIKE=""fedora"" VARIANT=""Server"" VARIANT_ID=""server"" VERSION_ID=""7.9"" PRETTY_NAME=""Red Hat Enterprise Linux Server 7.9 (Maipo)"" ANSI_COLOR=""0;31"" CPE_NAME=""cpe:/o:redhat:enterprise_linux:7.9:GA:server"" HOME_URL=""https://www.redhat.com/"" BUG_REPORT_URL=""https://bugzilla.redhat.com/""  REDHAT_BUGZILLA_PRODUCT=""Red Hat Enterprise Linux 7"" REDHAT_BUGZILLA_PRODUCT_VERSION=7.9 REDHAT_SUPPORT_PRODUCT=""Red Hat Enterprise Linux"" REDHAT_SUPPORT_PRODUCT_VERSION=""7.9""",quartz2391,3317011,23:00:34 21/04/2021 UTC,23:00:34 21/04/2021 UTC,Driverless Perf per-process sampling,Intel(R) Xeon(R) Processor code named Broadwell,2095146620,72,Metric Value
4,41,0.026015,0.0,0.0,0.0,3.000000,3142722520.500000,1,0.5% (0.193 out of 36),0.5% (0.385 out of 72),0.0,0.0,0.0,0.0,0.0,0.0,0.0,0.0,0.0,0.0,0.0,0.0,0.0,0.0,0.0,"myocyte ""100"" ""4"" ""1"" ""4""","3.10.0-1160.15.2.1chaos.ch6.x86_64 NAME=""Red Hat Enterprise Linux Server"" VERSION=""7.9 (Maipo)"" ID=""rhel"" ID_LIKE=""fedora"" VARIANT=""Server"" VARIANT_ID=""server"" VERSION_ID=""7.9"" PRETTY_NAME=""Red Hat Enterprise Linux Server 7.9 (Maipo)"" ANSI_COLOR=""0;31"" CPE_NAME=""cpe:/o:redhat:enterprise_linux:7.9:GA:server"" HOME_URL=""https://www.redhat.com/"" BUG_REPORT_URL=""https://bugzilla.redhat.com/""  REDHAT_BUGZILLA_PRODUCT=""Red Hat Enterprise Linux 7"" REDHAT_BUGZILLA_PRODUCT_VERSION=7.9 REDHAT_SUPPORT_PRODUCT=""Red Hat Enterprise Linux"" REDHAT_SUPPORT_PRODUCT_VERSION=""7.9""",quartz2391,3342272,23:00:55 21/04/2021 UTC,23:00:55 21/04/2021 UTC,Driverless Perf per-process sampling,Intel(R) Xeon(R) Processor code named Broadwell,2095148347,72,Metric Value
36,50,0.024624,0.0,0.0,0.0,3.000000,3142723035.000000,1,0.6% (0.204 out of 36),0.6% (0.407 out of 72),0.0,0.0,0.0,0.0,0.0,0.0,0.0,0.0,0.0,0.0,0.0,0.0,0.0,0.0,0.0,"myocyte ""100"" ""5"" ""0"" ""36""","3.10.0-1160.15.2.1chaos.ch6.x86_64 NAME=""Red Hat Enterprise Linux Server"" VERSION=""7.9 (Maipo)"" ID=""rhel"" ID_LIKE=""fedora"" VARIANT=""Server"" VARIANT_ID=""server"" VERSION_ID=""7.9"" PRETTY_NAME=""Red Hat Enterprise Linux Server 7.9 (Maipo)"" ANSI_COLOR=""0;31"" CPE_NAME=""cpe:/o:redhat:enterprise_linux:7.9:GA:server"" HOME_URL=""https://www.redhat.com/"" BUG_REPORT_URL=""https://bugzilla.redhat.com/""  REDHAT_BUGZILLA_PRODUCT=""Red Hat Enterprise Linux 7"" REDHAT_BUGZILLA_PRODUCT_VERSION=7.9 REDHAT_SUPPORT_PRODUCT=""Red Hat Enterprise Linux"" REDHAT_SUPPORT_PRODUCT_VERSION=""7.9""",quartz2391,3317332,23:01:15 21/04/2021 UTC,23:01:15 21/04/2021 UTC,Driverless Perf per-process sampling,Intel(R) Xeon(R) Processor code named Broadwell,2095148690,72,Metric Value
18,50,0.025501,0.0,0.0,0.0,3.000000,3142722238.500000,1,0.5% (0.197 out of 36),0.5% (0.393 out of 72),0.0,0.0,0.0,0.0,0.0,0.0,0.0,0.0,0.0,0.0,0.0,0.0,0.0,0.0,0.0,"myocyte ""100"" ""5"" ""0"" ""18""","3.10.0-1160.15.2.1chaos.ch6.x86_64 NAME=""Red Hat Enterprise Linux Server"" VERSION=""7.9 (Maipo)"" ID=""rhel"" ID_LIKE=""fedora"" VARIANT=""Server"" VARIANT_ID=""server"" VERSION_ID=""7.9"" PRETTY_NAME=""Red Hat Enterprise Linux Server 7.9 (Maipo)"" ANSI_COLOR=""0;31"" CPE_NAME=""cpe:/o:redhat:enterprise_linux:7.9:GA:server"" HOME_URL=""https://www.redhat.com/"" BUG_REPORT_URL=""https://bugzilla.redhat.com/""  REDHAT_BUGZILLA_PRODUCT=""Red Hat Enterprise Linux 7"" REDHAT_BUGZILLA_PRODUCT_VERSION=7.9 REDHAT_SUPPORT_PRODUCT=""Red Hat Enterprise Linux"" REDHAT_SUPPORT_PRODUCT_VERSION=""7.9""",quartz2391,3317278,23:01:35 21/04/2021 UTC,23:01:35 21/04/2021 UTC,Driverless Perf per-process sampling,Intel(R) Xeon(R) Processor code named Broadwell,2095148159,72,Metric Value
9,50,0.025098,0.0,0.0,0.0,2.000000,2095148394.000000,1,0.6% (0.200 out of 36),0.6% (0.399 out of 72),0.0,0.0,0.0,0.0,0.0,0.0,0.0,0.0,0.0,0.0,0.0,0.0,0.0,0.0,0.0,"myocyte ""100"" ""5"" ""0"" ""9""","3.10.0-1160.15.2.1chaos.ch6.x86_64 NAME=""Red Hat Enterprise Linux Server"" VERSION=""7.9 (Maipo)"" ID=""rhel"" ID_LIKE=""fedora"" VARIANT=""Server"" VARIANT_ID=""server"" VERSION_ID=""7.9"" PRETTY_NAME=""Red Hat Enterprise Linux Server 7.9 (Maipo)"" ANSI_COLOR=""0;31"" CPE_NAME=""cpe:/o:redhat:enterprise_linux:7.9:GA:server"" HOME_URL=""https://www.redhat.com/"" BUG_REPORT_URL=""https://bugzilla.redhat.com/""  REDHAT_BUGZILLA_PRODUCT=""Red Hat Enterprise Linux 7"" REDHAT_BUGZILLA_PRODUCT_VERSION=7.9 REDHAT_SUPPORT_PRODUCT=""Red Hat Enterprise Linux"" REDHAT_SUPPORT_PRODUCT_VERSION=""7.9""",quartz2391,3333489,23:01:54 21/04/2021 UTC,23:01:54 21/04/2021 UTC,Driverless Perf per-process sampling,Intel(R) Xeon(R) Processor code named Broadwell,2095148394,72,Metric Value
4,50,0.028803,0.0,0.0,0.0,2.000000,2095148946.000000,1,0.5% (0.174 out of 36),0.5% (0.348 out of 72),0.0,0.0,0.0,0.0,0.0,0.0,0.0,0.0,0.0,0.0,0.0,0.0,0.0,0.0,0.0,"myocyte ""100"" ""5"" ""0"" ""4""","3.10.0-1160.15.2.1chaos.ch6.x86_64 NAME=""Red Hat Enterprise Linux Server"" VERSION=""7.9 (Maipo)"" ID=""rhel"" ID_LIKE=""fedora"" VARIANT=""Server"" VARIANT_ID=""server"" VERSION_ID=""7.9"" PRETTY_NAME=""Red Hat Enterprise Linux Server 7.9 (Maipo)"" ANSI_COLOR=""0;31"" CPE_NAME=""cpe:/o:redhat:enterprise_linux:7.9:GA:server"" HOME_URL=""https://www.redhat.com/"" BUG_REPORT_URL=""https://bugzilla.redhat.com/""  REDHAT_BUGZILLA_PRODUCT=""Red Hat Enterprise Linux 7"" REDHAT_BUGZILLA_PRODUCT_VERSION=7.9 REDHAT_SUPPORT_PRODUCT=""Red Hat Enterprise Linux"" REDHAT_SUPPORT_PRODUCT_VERSION=""7.9""",quartz2391,3317010,23:02:13 21/04/2021 UTC,23:02:13 21/04/2021 UTC,Driverless Perf per-process sampling,Intel(R) Xeon(R) Processor code named Broadwell,2095148946,72,Metric Value
36,51,0.024528,0.0,0.0,0.0,2.000000,4190297726.000000,1,0.3% (0.102 out of 36),0.3% (0.204 out of 72),0.0,0.0,0.0,0.0,0.0,0.0,0.0,0.0,0.0,0.0,0.0,0.0,0.0,0.0,0.0,"myocyte ""100"" ""5"" ""1"" ""36""","3.10.0-1160.15.2.1chaos.ch6.x86_64 NAME=""Red Hat Enterprise Linux Server"" VERSION=""7.9 (Maipo)"" ID=""rhel"" ID_LIKE=""fedora"" VARIANT=""Server"" VARIANT_ID=""server"" VERSION_ID=""7.9"" PRETTY_NAME=""Red Hat Enterprise Linux Server 7.9 (Maipo)"" ANSI_COLOR=""0;31"" CPE_NAME=""cpe:/o:redhat:enterprise_linux:7.9:GA:server"" HOME_URL=""https://www.redhat.com/"" BUG_REPORT_URL=""https://bugzilla.redhat.com/""  REDHAT_BUGZILLA_PRODUCT=""Red Hat Enterprise Linux 7"" REDHAT_BUGZILLA_PRODUCT_VERSION=7.9 REDHAT_SUPPORT_PRODUCT=""Red Hat Enterprise Linux"" REDHAT_SUPPORT_PRODUCT_VERSION=""7.9""",quartz2391,3316711,23:02:32 21/04/2021 UTC,23:02:32 21/04/2021 UTC,Driverless Perf per-process sampling,Intel(R) Xeon(R) Processor code named Broadwell,2095148863,72,Metric Value
18,51,0.024638,0.0,0.0,0.0,2.000000,4190293764.000000,1,0.3% (0.102 out of 36),0.3% (0.203 out of 72),0.0,0.0,0.0,0.0,0.0,0.0,0.0,0.0,0.0,0.0,0.0,0.0,0.0,0.0,0.0,"myocyte ""100"" ""5"" ""1"" ""18""","3.10.0-1160.15.2.1chaos.ch6.x86_64 NAME=""Red Hat Enterprise Linux Server"" VERSION=""7.9 (Maipo)"" ID=""rhel"" ID_LIKE=""fedora"" VARIANT=""Server"" VARIANT_ID=""server"" VERSION_ID=""7.9"" PRETTY_NAME=""Red Hat Enterprise Linux Server 7.9 (Maipo)"" ANSI_COLOR=""0;31"" CPE_NAME=""cpe:/o:redhat:enterprise_linux:7.9:GA:server"" HOME_URL=""https://www.redhat.com/"" BUG_REPORT_URL=""https://bugzilla.redhat.com/""  REDHAT_BUGZILLA_PRODUCT=""Red Hat Enterprise Linux 7"" REDHAT_BUGZILLA_PRODUCT_VERSION=7.9 REDHAT_SUPPORT_PRODUCT=""Red Hat Enterprise Linux"" REDHAT_SUPPORT_PRODUCT_VERSION=""7.9""",quartz2391,3316735,23:02:51 21/04/2021 UTC,23:02:51 21/04/2021 UTC,Driverless Perf per-process sampling,Intel(R) Xeon(R) Processor code named Broadwell,2095146882,72,Metric Value
9,51,0.020598,0.0,0.0,0.0,2.000000,4190297700.000000,1,0.3% (0.122 out of 36),0.3% (0.243 out of 72),0.0,0.0,0.0,0.0,0.0,0.0,0.0,0.0,0.0,0.0,0.0,0.0,0.0,0.0,0.0,"myocyte ""100"" ""5"" ""1"" ""9""","3.10.0-1160.15.2.1chaos.ch6.x86_64 NAME=""Red Hat Enterprise Linux Server"" VERSION=""7.9 (Maipo)"" ID=""rhel"" ID_LIKE=""fedora"" VARIANT=""Server"" VARIANT_ID=""server"" VERSION_ID=""7.9"" PRETTY_NAME=""Red Hat Enterprise Linux Server 7.9 (Maipo)"" ANSI_COLOR=""0;31"" CPE_NAME=""cpe:/o:redhat:enterprise_linux:7.9:GA:server"" HOME_URL=""https://www.redhat.com/"" BUG_REPORT_URL=""https://bugzilla.redhat.com/""  REDHAT_BUGZILLA_PRODUCT=""Red Hat Enterprise Linux 7"" REDHAT_BUGZILLA_PRODUCT_VERSION=7.9 REDHAT_SUPPORT_PRODUCT=""Red Hat Enterprise Linux"" REDHAT_SUPPORT_PRODUCT_VERSION=""7.9""",quartz2391,3316610,23:03:10 21/04/2021 UTC,23:03:10 21/04/2021 UTC,Driverless Perf per-process sampling,Intel(R) Xeon(R) Processor code named Broadwell,2095148850,72,Metric Value
4,51,0.024136,0.0,0.0,0.0,2.000000,2095149105.000000,1,0.6% (0.208 out of 36),0.6% (0.415 out of 72),0.0,0.0,0.0,0.0,0.0,0.0,0.0,0.0,0.0,0.0,0.0,0.0,0.0,0.0,0.0,"myocyte ""100"" ""5"" ""1"" ""4""","3.10.0-1160.15.2.1chaos.ch6.x86_64 NAME=""Red Hat Enterprise Linux Server"" VERSION=""7.9 (Maipo)"" ID=""rhel"" ID_LIKE=""fedora"" VARIANT=""Server"" VARIANT_ID=""server"" VERSION_ID=""7.9"" PRETTY_NAME=""Red Hat Enterprise Linux Server 7.9 (Maipo)"" ANSI_COLOR=""0;31"" CPE_NAME=""cpe:/o:redhat:enterprise_linux:7.9:GA:server"" HOME_URL=""https://www.redhat.com/"" BUG_REPORT_URL=""https://bugzilla.redhat.com/""  REDHAT_BUGZILLA_PRODUCT=""Red Hat Enterprise Linux 7"" REDHAT_BUGZILLA_PRODUCT_VERSION=7.9 REDHAT_SUPPORT_PRODUCT=""Red Hat Enterprise Linux"" REDHAT_SUPPORT_PRODUCT_VERSION=""7.9""",quartz2391,3317000,23:03:29 21/04/2021 UTC,23:03:29 21/04/2021 UTC,Driverless Perf per-process sampling,Intel(R) Xeon(R) Processor code named Broadwell,2095149105,72,Metric Value
36,60,0.029117,0.0,0.0,0.0,3.000000,3142723452.000000,1,0.5% (0.172 out of 36),0.5% (0.344 out of 72),0.0,0.0,0.0,0.0,0.0,0.0,0.0,0.0,0.0,0.0,0.0,0.0,0.0,0.0,0.0,"myocyte ""100"" ""6"" ""0"" ""36""","3.10.0-1160.15.2.1chaos.ch6.x86_64 NAME=""Red Hat Enterprise Linux Server"" VERSION=""7.9 (Maipo)"" ID=""rhel"" ID_LIKE=""fedora"" VARIANT=""Server"" VARIANT_ID=""server"" VERSION_ID=""7.9"" PRETTY_NAME=""Red Hat Enterprise Linux Server 7.9 (Maipo)"" ANSI_COLOR=""0;31"" CPE_NAME=""cpe:/o:redhat:enterprise_linux:7.9:GA:server"" HOME_URL=""https://www.redhat.com/"" BUG_REPORT_URL=""https://bugzilla.redhat.com/""  REDHAT_BUGZILLA_PRODUCT=""Red Hat Enterprise Linux 7"" REDHAT_BUGZILLA_PRODUCT_VERSION=7.9 REDHAT_SUPPORT_PRODUCT=""Red Hat Enterprise Linux"" REDHAT_SUPPORT_PRODUCT_VERSION=""7.9""",quartz2391,3317315,23:03:48 21/04/2021 UTC,23:03:48 21/04/2021 UTC,Driverless Perf per-process sampling,Intel(R) Xeon(R) Processor code named Broadwell,2095148968,72,Metric Value
18,60,0.025349,0.0,0.0,0.0,2.000000,2095148826.000000,1,0.5% (0.198 out of 36),0.5% (0.395 out of 72),0.0,0.0,0.0,0.0,0.0,0.0,0.0,0.0,0.0,0.0,0.0,0.0,0.0,0.0,0.0,"myocyte ""100"" ""6"" ""0"" ""18""","3.10.0-1160.15.2.1chaos.ch6.x86_64 NAME=""Red Hat Enterprise Linux Server"" VERSION=""7.9 (Maipo)"" ID=""rhel"" ID_LIKE=""fedora"" VARIANT=""Server"" VARIANT_ID=""server"" VERSION_ID=""7.9"" PRETTY_NAME=""Red Hat Enterprise Linux Server 7.9 (Maipo)"" ANSI_COLOR=""0;31"" CPE_NAME=""cpe:/o:redhat:enterprise_linux:7.9:GA:server"" HOME_URL=""https://www.redhat.com/"" BUG_REPORT_URL=""https://bugzilla.redhat.com/""  REDHAT_BUGZILLA_PRODUCT=""Red Hat Enterprise Linux 7"" REDHAT_BUGZILLA_PRODUCT_VERSION=7.9 REDHAT_SUPPORT_PRODUCT=""Red Hat Enterprise Linux"" REDHAT_SUPPORT_PRODUCT_VERSION=""7.9""",quartz2391,3333464,23:04:07 21/04/2021 UTC,23:04:07 21/04/2021 UTC,Driverless Perf per-process sampling,Intel(R) Xeon(R) Processor code named Broadwell,2095148826,72,Metric Value
9,60,0.023386,0.0,0.0,0.0,,2095148637.000000,1,0.3% (0.107 out of 36),0.3% (0.214 out of 72),0.0,0.0,0.0,0.0,0.0,0.0,0.0,0.0,0.0,0.0,0.0,0.0,0.0,0.0,0.0,"myocyte ""100"" ""6"" ""0"" ""9""","3.10.0-1160.15.2.1chaos.ch6.x86_64 NAME=""Red Hat Enterprise Linux Server"" VERSION=""7.9 (Maipo)"" ID=""rhel"" ID_LIKE=""fedora"" VARIANT=""Server"" VARIANT_ID=""server"" VERSION_ID=""7.9"" PRETTY_NAME=""Red Hat Enterprise Linux Server 7.9 (Maipo)"" ANSI_COLOR=""0;31"" CPE_NAME=""cpe:/o:redhat:enterprise_linux:7.9:GA:server"" HOME_URL=""https://www.redhat.com/"" BUG_REPORT_URL=""https://bugzilla.redhat.com/""  REDHAT_BUGZILLA_PRODUCT=""Red Hat Enterprise Linux 7"" REDHAT_BUGZILLA_PRODUCT_VERSION=7.9 REDHAT_SUPPORT_PRODUCT=""Red Hat Enterprise Linux"" REDHAT_SUPPORT_PRODUCT_VERSION=""7.9""",quartz2391,3316150,23:04:26 21/04/2021 UTC,23:04:26 21/04/2021 UTC,Driverless Perf per-process sampling,Intel(R) Xeon(R) Processor code named Broadwell,2095148637,72,Metric Value
4,60,0.027458,0.0,0.0,0.0,2.000000,2095146712.000000,1,0.5% (0.183 out of 36),0.5% (0.365 out of 72),0.0,0.0,0.0,0.0,0.0,0.0,0.0,0.0,0.0,0.0,0.0,0.0,0.0,0.0,0.0,"myocyte ""100"" ""6"" ""0"" ""4""","3.10.0-1160.15.2.1chaos.ch6.x86_64 NAME=""Red Hat Enterprise Linux Server"" VERSION=""7.9 (Maipo)"" ID=""rhel"" ID_LIKE=""fedora"" VARIANT=""Server"" VARIANT_ID=""server"" VERSION_ID=""7.9"" PRETTY_NAME=""Red Hat Enterprise Linux Server 7.9 (Maipo)"" ANSI_COLOR=""0;31"" CPE_NAME=""cpe:/o:redhat:enterprise_linux:7.9:GA:server"" HOME_URL=""https://www.redhat.com/"" BUG_REPORT_URL=""https://bugzilla.redhat.com/""  REDHAT_BUGZILLA_PRODUCT=""Red Hat Enterprise Linux 7"" REDHAT_BUGZILLA_PRODUCT_VERSION=7.9 REDHAT_SUPPORT_PRODUCT=""Red Hat Enterprise Linux"" REDHAT_SUPPORT_PRODUCT_VERSION=""7.9""",quartz2391,3317032,23:04:46 21/04/2021 UTC,23:04:46 21/04/2021 UTC,Driverless Perf per-process sampling,Intel(R) Xeon(R) Processor code named Broadwell,2095146712,72,Metric Value
36,61,0.025340,0.0,0.0,0.0,2.000000,4190297720.000000,1,0.3% (0.099 out of 36),0.3% (0.198 out of 72),0.0,0.0,0.0,0.0,0.0,0.0,0.0,0.0,0.0,0.0,0.0,0.0,0.0,0.0,0.0,"myocyte ""100"" ""6"" ""1"" ""36""","3.10.0-1160.15.2.1chaos.ch6.x86_64 NAME=""Red Hat Enterprise Linux Server"" VERSION=""7.9 (Maipo)"" ID=""rhel"" ID_LIKE=""fedora"" VARIANT=""Server"" VARIANT_ID=""server"" VERSION_ID=""7.9"" PRETTY_NAME=""Red Hat Enterprise Linux Server 7.9 (Maipo)"" ANSI_COLOR=""0;31"" CPE_NAME=""cpe:/o:redhat:enterprise_linux:7.9:GA:server"" HOME_URL=""https://www.redhat.com/"" BUG_REPORT_URL=""https://bugzilla.redhat.com/""  REDHAT_BUGZILLA_PRODUCT=""Red Hat Enterprise Linux 7"" REDHAT_BUGZILLA_PRODUCT_VERSION=7.9 REDHAT_SUPPORT_PRODUCT=""Red Hat Enterprise Linux"" REDHAT_SUPPORT_PRODUCT_VERSION=""7.9""",quartz2391,3316710,23:05:05 21/04/2021 UTC,23:05:05 21/04/2021 UTC,Driverless Perf per-process sampling,Intel(R) Xeon(R) Processor code named Broadwell,2095148860,72,Metric Value
18,61,0.022927,0.0,0.0,0.0,2.000000,2095149318.000000,1,0.6% (0.219 out of 36),0.6% (0.437 out of 72),0.0,0.0,0.0,0.0,0.0,0.0,0.0,0.0,0.0,0.0,0.0,0.0,0.0,0.0,0.0,"myocyte ""100"" ""6"" ""1"" ""18""","3.10.0-1160.15.2.1chaos.ch6.x86_64 NAME=""Red Hat Enterprise Linux Server"" VERSION=""7.9 (Maipo)"" ID=""rhel"" ID_LIKE=""fedora"" VARIANT=""Server"" VARIANT_ID=""server"" VERSION_ID=""7.9"" PRETTY_NAME=""Red Hat Enterprise Linux Server 7.9 (Maipo)"" ANSI_COLOR=""0;31"" CPE_NAME=""cpe:/o:redhat:enterprise_linux:7.9:GA:server"" HOME_URL=""https://www.redhat.com/"" BUG_REPORT_URL=""https://bugzilla.redhat.com/""  REDHAT_BUGZILLA_PRODUCT=""Red Hat Enterprise Linux 7"" REDHAT_BUGZILLA_PRODUCT_VERSION=7.9 REDHAT_SUPPORT_PRODUCT=""Red Hat Enterprise Linux"" REDHAT_SUPPORT_PRODUCT_VERSION=""7.9""",quartz2391,3333759,23:05:24 21/04/2021 UTC,23:05:24 21/04/2021 UTC,Driverless Perf per-process sampling,Intel(R) Xeon(R) Processor code named Broadwell,2095149318,72,Metric Value
9,61,0.023201,0.0,0.0,0.0,2.000000,4190291764.000000,1,0.3% (0.108 out of 36),0.3% (0.216 out of 72),0.0,0.0,0.0,0.0,0.0,0.0,0.0,0.0,0.0,0.0,0.0,0.0,0.0,0.0,0.0,"myocyte ""100"" ""6"" ""1"" ""9""","3.10.0-1160.15.2.1chaos.ch6.x86_64 NAME=""Red Hat Enterprise Linux Server"" VERSION=""7.9 (Maipo)"" ID=""rhel"" ID_LIKE=""fedora"" VARIANT=""Server"" VARIANT_ID=""server"" VERSION_ID=""7.9"" PRETTY_NAME=""Red Hat Enterprise Linux Server 7.9 (Maipo)"" ANSI_COLOR=""0;31"" CPE_NAME=""cpe:/o:redhat:enterprise_linux:7.9:GA:server"" HOME_URL=""https://www.redhat.com/"" BUG_REPORT_URL=""https://bugzilla.redhat.com/""  REDHAT_BUGZILLA_PRODUCT=""Red Hat Enterprise Linux 7"" REDHAT_BUGZILLA_PRODUCT_VERSION=7.9 REDHAT_SUPPORT_PRODUCT=""Red Hat Enterprise Linux"" REDHAT_SUPPORT_PRODUCT_VERSION=""7.9""",quartz2391,3316671,23:05:44 21/04/2021 UTC,23:05:44 21/04/2021 UTC,Driverless Perf per-process sampling,Intel(R) Xeon(R) Processor code named Broadwell,2095145882,72,Metric Value
4,61,0.025388,0.0,0.0,0.0,2.000000,2095148655.000000,1,0.5% (0.197 out of 36),0.5% (0.395 out of 72),0.0,0.0,0.0,0.0,0.0,0.0,0.0,0.0,0.0,0.0,0.0,0.0,0.0,0.0,0.0,"myocyte ""100"" ""6"" ""1"" ""4""","3.10.0-1160.15.2.1chaos.ch6.x86_64 NAME=""Red Hat Enterprise Linux Server"" VERSION=""7.9 (Maipo)"" ID=""rhel"" ID_LIKE=""fedora"" VARIANT=""Server"" VARIANT_ID=""server"" VERSION_ID=""7.9"" PRETTY_NAME=""Red Hat Enterprise Linux Server 7.9 (Maipo)"" ANSI_COLOR=""0;31"" CPE_NAME=""cpe:/o:redhat:enterprise_linux:7.9:GA:server"" HOME_URL=""https://www.redhat.com/"" BUG_REPORT_URL=""https://bugzilla.redhat.com/""  REDHAT_BUGZILLA_PRODUCT=""Red Hat Enterprise Linux 7"" REDHAT_BUGZILLA_PRODUCT_VERSION=7.9 REDHAT_SUPPORT_PRODUCT=""Red Hat Enterprise Linux"" REDHAT_SUPPORT_PRODUCT_VERSION=""7.9""",quartz2391,3317022,23:06:02 21/04/2021 UTC,23:06:03 21/04/2021 UTC,Driverless Perf per-process sampling,Intel(R) Xeon(R) Processor code named Broadwell,2095148655,72,Metric Value
36,70,0.029874,0.0,0.0,0.0,3.000000,3142723036.500000,1,0.5% (0.168 out of 36),0.5% (0.336 out of 72),0.0,0.0,0.0,0.0,0.0,0.0,0.0,0.0,0.0,0.0,0.0,0.0,0.0,0.0,0.0,"myocyte ""100"" ""7"" ""0"" ""36""","3.10.0-1160.15.2.1chaos.ch6.x86_64 NAME=""Red Hat Enterprise Linux Server"" VERSION=""7.9 (Maipo)"" ID=""rhel"" ID_LIKE=""fedora"" VARIANT=""Server"" VARIANT_ID=""server"" VERSION_ID=""7.9"" PRETTY_NAME=""Red Hat Enterprise Linux Server 7.9 (Maipo)"" ANSI_COLOR=""0;31"" CPE_NAME=""cpe:/o:redhat:enterprise_linux:7.9:GA:server"" HOME_URL=""https://www.redhat.com/"" BUG_REPORT_URL=""https://bugzilla.redhat.com/""  REDHAT_BUGZILLA_PRODUCT=""Red Hat Enterprise Linux 7"" REDHAT_BUGZILLA_PRODUCT_VERSION=7.9 REDHAT_SUPPORT_PRODUCT=""Red Hat Enterprise Linux"" REDHAT_SUPPORT_PRODUCT_VERSION=""7.9""",quartz2391,3333760,23:06:22 21/04/2021 UTC,23:06:22 21/04/2021 UTC,Driverless Perf per-process sampling,Intel(R) Xeon(R) Processor code named Broadwell,2095148691,72,Metric Value
18,70,0.020956,0.0,0.0,0.0,2.000000,4190299670.000000,1,0.3% (0.120 out of 36),0.3% (0.239 out of 72),0.0,0.0,0.0,0.0,0.0,0.0,0.0,0.0,0.0,0.0,0.0,0.0,0.0,0.0,0.0,"myocyte ""100"" ""7"" ""0"" ""18""","3.10.0-1160.15.2.1chaos.ch6.x86_64 NAME=""Red Hat Enterprise Linux Server"" VERSION=""7.9 (Maipo)"" ID=""rhel"" ID_LIKE=""fedora"" VARIANT=""Server"" VARIANT_ID=""server"" VERSION_ID=""7.9"" PRETTY_NAME=""Red Hat Enterprise Linux Server 7.9 (Maipo)"" ANSI_COLOR=""0;31"" CPE_NAME=""cpe:/o:redhat:enterprise_linux:7.9:GA:server"" HOME_URL=""https://www.redhat.com/"" BUG_REPORT_URL=""https://bugzilla.redhat.com/""  REDHAT_BUGZILLA_PRODUCT=""Red Hat Enterprise Linux 7"" REDHAT_BUGZILLA_PRODUCT_VERSION=7.9 REDHAT_SUPPORT_PRODUCT=""Red Hat Enterprise Linux"" REDHAT_SUPPORT_PRODUCT_VERSION=""7.9""",quartz2391,3316704,23:06:41 21/04/2021 UTC,23:06:41 21/04/2021 UTC,Driverless Perf per-process sampling,Intel(R) Xeon(R) Processor code named Broadwell,2095149835,72,Metric Value
9,70,0.025743,0.0,0.0,0.0,2.000000,4190296902.000000,1,0.3% (0.097 out of 36),0.3% (0.195 out of 72),0.0,0.0,0.0,0.0,0.0,0.0,0.0,0.0,0.0,0.0,0.0,0.0,0.0,0.0,0.0,"myocyte ""100"" ""7"" ""0"" ""9""","3.10.0-1160.15.2.1chaos.ch6.x86_64 NAME=""Red Hat Enterprise Linux Server"" VERSION=""7.9 (Maipo)"" ID=""rhel"" ID_LIKE=""fedora"" VARIANT=""Server"" VARIANT_ID=""server"" VERSION_ID=""7.9"" PRETTY_NAME=""Red Hat Enterprise Linux Server 7.9 (Maipo)"" ANSI_COLOR=""0;31"" CPE_NAME=""cpe:/o:redhat:enterprise_linux:7.9:GA:server"" HOME_URL=""https://www.redhat.com/"" BUG_REPORT_URL=""https://bugzilla.redhat.com/""  REDHAT_BUGZILLA_PRODUCT=""Red Hat Enterprise Linux 7"" REDHAT_BUGZILLA_PRODUCT_VERSION=7.9 REDHAT_SUPPORT_PRODUCT=""Red Hat Enterprise Linux"" REDHAT_SUPPORT_PRODUCT_VERSION=""7.9""",quartz2391,3333180,23:07:01 21/04/2021 UTC,23:07:01 21/04/2021 UTC,Driverless Perf per-process sampling,Intel(R) Xeon(R) Processor code named Broadwell,2095148451,72,Metric Value
4,70,0.023603,0.0,0.0,0.0,2.000000,2095149139.000000,1,0.6% (0.212 out of 36),0.6% (0.425 out of 72),0.0,0.0,0.0,0.0,0.0,0.0,0.0,0.0,0.0,0.0,0.0,0.0,0.0,0.0,0.0,"myocyte ""100"" ""7"" ""0"" ""4""","3.10.0-1160.15.2.1chaos.ch6.x86_64 NAME=""Red Hat Enterprise Linux Server"" VERSION=""7.9 (Maipo)"" ID=""rhel"" ID_LIKE=""fedora"" VARIANT=""Server"" VARIANT_ID=""server"" VERSION_ID=""7.9"" PRETTY_NAME=""Red Hat Enterprise Linux Server 7.9 (Maipo)"" ANSI_COLOR=""0;31"" CPE_NAME=""cpe:/o:redhat:enterprise_linux:7.9:GA:server"" HOME_URL=""https://www.redhat.com/"" BUG_REPORT_URL=""https://bugzilla.redhat.com/""  REDHAT_BUGZILLA_PRODUCT=""Red Hat Enterprise Linux 7"" REDHAT_BUGZILLA_PRODUCT_VERSION=7.9 REDHAT_SUPPORT_PRODUCT=""Red Hat Enterprise Linux"" REDHAT_SUPPORT_PRODUCT_VERSION=""7.9""",quartz2391,3342046,23:07:21 21/04/2021 UTC,23:07:21 21/04/2021 UTC,Driverless Perf per-process sampling,Intel(R) Xeon(R) Processor code named Broadwell,2095149139,72,Metric Value
36,71,0.028030,0.0,0.0,0.0,3.000000,3142723101.000000,1,0.5% (0.179 out of 36),0.5% (0.358 out of 72),0.0,0.0,0.0,0.0,0.0,0.0,0.0,0.0,0.0,0.0,0.0,0.0,0.0,0.0,0.0,"myocyte ""100"" ""7"" ""1"" ""36""","3.10.0-1160.15.2.1chaos.ch6.x86_64 NAME=""Red Hat Enterprise Linux Server"" VERSION=""7.9 (Maipo)"" ID=""rhel"" ID_LIKE=""fedora"" VARIANT=""Server"" VARIANT_ID=""server"" VERSION_ID=""7.9"" PRETTY_NAME=""Red Hat Enterprise Linux Server 7.9 (Maipo)"" ANSI_COLOR=""0;31"" CPE_NAME=""cpe:/o:redhat:enterprise_linux:7.9:GA:server"" HOME_URL=""https://www.redhat.com/"" BUG_REPORT_URL=""https://bugzilla.redhat.com/""  REDHAT_BUGZILLA_PRODUCT=""Red Hat Enterprise Linux 7"" REDHAT_BUGZILLA_PRODUCT_VERSION=7.9 REDHAT_SUPPORT_PRODUCT=""Red Hat Enterprise Linux"" REDHAT_SUPPORT_PRODUCT_VERSION=""7.9""",quartz2391,3317283,23:07:40 21/04/2021 UTC,23:07:40 21/04/2021 UTC,Driverless Perf per-process sampling,Intel(R) Xeon(R) Processor code named Broadwell,2095148734,72,Metric Value
18,71,0.030792,0.0,0.0,0.0,2.000000,4190294798.000000,1,0.2% (0.081 out of 36),0.2% (0.163 out of 72),0.0,0.0,0.0,0.0,0.0,0.0,0.0,0.0,0.0,0.0,0.0,0.0,0.0,0.0,0.0,"myocyte ""100"" ""7"" ""1"" ""18""","3.10.0-1160.15.2.1chaos.ch6.x86_64 NAME=""Red Hat Enterprise Linux Server"" VERSION=""7.9 (Maipo)"" ID=""rhel"" ID_LIKE=""fedora"" VARIANT=""Server"" VARIANT_ID=""server"" VERSION_ID=""7.9"" PRETTY_NAME=""Red Hat Enterprise Linux Server 7.9 (Maipo)"" ANSI_COLOR=""0;31"" CPE_NAME=""cpe:/o:redhat:enterprise_linux:7.9:GA:server"" HOME_URL=""https://www.redhat.com/"" BUG_REPORT_URL=""https://bugzilla.redhat.com/""  REDHAT_BUGZILLA_PRODUCT=""Red Hat Enterprise Linux 7"" REDHAT_BUGZILLA_PRODUCT_VERSION=7.9 REDHAT_SUPPORT_PRODUCT=""Red Hat Enterprise Linux"" REDHAT_SUPPORT_PRODUCT_VERSION=""7.9""",quartz2391,3333779,23:07:59 21/04/2021 UTC,23:07:59 21/04/2021 UTC,Driverless Perf per-process sampling,Intel(R) Xeon(R) Processor code named Broadwell,2095147399,72,Metric Value
9,71,0.154675,0.0,0.0,0.0,2.000000,2095146668.000000,1,0.1% (0.032 out of 36),0.1% (0.065 out of 72),0.0,0.0,0.0,0.0,0.0,0.0,0.0,0.0,0.0,0.0,0.0,0.0,0.0,0.0,0.0,"myocyte ""100"" ""7"" ""1"" ""9""","3.10.0-1160.15.2.1chaos.ch6.x86_64 NAME=""Red Hat Enterprise Linux Server"" VERSION=""7.9 (Maipo)"" ID=""rhel"" ID_LIKE=""fedora"" VARIANT=""Server"" VARIANT_ID=""server"" VERSION_ID=""7.9"" PRETTY_NAME=""Red Hat Enterprise Linux Server 7.9 (Maipo)"" ANSI_COLOR=""0;31"" CPE_NAME=""cpe:/o:redhat:enterprise_linux:7.9:GA:server"" HOME_URL=""https://www.redhat.com/"" BUG_REPORT_URL=""https://bugzilla.redhat.com/""  REDHAT_BUGZILLA_PRODUCT=""Red Hat Enterprise Linux 7"" REDHAT_BUGZILLA_PRODUCT_VERSION=7.9 REDHAT_SUPPORT_PRODUCT=""Red Hat Enterprise Linux"" REDHAT_SUPPORT_PRODUCT_VERSION=""7.9""",quartz2391,3317088,23:08:19 21/04/2021 UTC,23:08:20 21/04/2021 UTC,Driverless Perf per-process sampling,Intel(R) Xeon(R) Processor code named Broadwell,2095146668,72,Metric Value
4,71,0.025110,0.0,0.0,0.0,2.000000,2095146585.000000,1,0.6% (0.200 out of 36),0.6% (0.399 out of 72),0.0,0.0,0.0,0.0,0.0,0.0,0.0,0.0,0.0,0.0,0.0,0.0,0.0,0.0,0.0,"myocyte ""100"" ""7"" ""1"" ""4""","3.10.0-1160.15.2.1chaos.ch6.x86_64 NAME=""Red Hat Enterprise Linux Server"" VERSION=""7.9 (Maipo)"" ID=""rhel"" ID_LIKE=""fedora"" VARIANT=""Server"" VARIANT_ID=""server"" VERSION_ID=""7.9"" PRETTY_NAME=""Red Hat Enterprise Linux Server 7.9 (Maipo)"" ANSI_COLOR=""0;31"" CPE_NAME=""cpe:/o:redhat:enterprise_linux:7.9:GA:server"" HOME_URL=""https://www.redhat.com/"" BUG_REPORT_URL=""https://bugzilla.redhat.com/""  REDHAT_BUGZILLA_PRODUCT=""Red Hat Enterprise Linux 7"" REDHAT_BUGZILLA_PRODUCT_VERSION=7.9 REDHAT_SUPPORT_PRODUCT=""Red Hat Enterprise Linux"" REDHAT_SUPPORT_PRODUCT_VERSION=""7.9""",quartz2391,3316923,23:08:40 21/04/2021 UTC,23:08:40 21/04/2021 UTC,Driverless Perf per-process sampling,Intel(R) Xeon(R) Processor code named Broadwell,2095146585,72,Metric Value
36,80,0.027599,0.0,0.0,0.0,3.000000,3142722807.000000,1,0.5% (0.182 out of 36),0.5% (0.363 out of 72),0.0,0.0,0.0,0.0,0.0,0.0,0.0,0.0,0.0,0.0,0.0,0.0,0.0,0.0,0.0,"myocyte ""100"" ""8"" ""0"" ""36""","3.10.0-1160.15.2.1chaos.ch6.x86_64 NAME=""Red Hat Enterprise Linux Server"" VERSION=""7.9 (Maipo)"" ID=""rhel"" ID_LIKE=""fedora"" VARIANT=""Server"" VARIANT_ID=""server"" VERSION_ID=""7.9"" PRETTY_NAME=""Red Hat Enterprise Linux Server 7.9 (Maipo)"" ANSI_COLOR=""0;31"" CPE_NAME=""cpe:/o:redhat:enterprise_linux:7.9:GA:server"" HOME_URL=""https://www.redhat.com/"" BUG_REPORT_URL=""https://bugzilla.redhat.com/""  REDHAT_BUGZILLA_PRODUCT=""Red Hat Enterprise Linux 7"" REDHAT_BUGZILLA_PRODUCT_VERSION=7.9 REDHAT_SUPPORT_PRODUCT=""Red Hat Enterprise Linux"" REDHAT_SUPPORT_PRODUCT_VERSION=""7.9""",quartz2391,3317331,23:08:59 21/04/2021 UTC,23:08:59 21/04/2021 UTC,Driverless Perf per-process sampling,Intel(R) Xeon(R) Processor code named Broadwell,2095148538,72,Metric Value
18,80,0.023547,0.0,0.0,0.0,2.000000,4190297592.000000,1,0.3% (0.106 out of 36),0.3% (0.213 out of 72),0.0,0.0,0.0,0.0,0.0,0.0,0.0,0.0,0.0,0.0,0.0,0.0,0.0,0.0,0.0,"myocyte ""100"" ""8"" ""0"" ""18""","3.10.0-1160.15.2.1chaos.ch6.x86_64 NAME=""Red Hat Enterprise Linux Server"" VERSION=""7.9 (Maipo)"" ID=""rhel"" ID_LIKE=""fedora"" VARIANT=""Server"" VARIANT_ID=""server"" VERSION_ID=""7.9"" PRETTY_NAME=""Red Hat Enterprise Linux Server 7.9 (Maipo)"" ANSI_COLOR=""0;31"" CPE_NAME=""cpe:/o:redhat:enterprise_linux:7.9:GA:server"" HOME_URL=""https://www.redhat.com/"" BUG_REPORT_URL=""https://bugzilla.redhat.com/""  REDHAT_BUGZILLA_PRODUCT=""Red Hat Enterprise Linux 7"" REDHAT_BUGZILLA_PRODUCT_VERSION=7.9 REDHAT_SUPPORT_PRODUCT=""Red Hat Enterprise Linux"" REDHAT_SUPPORT_PRODUCT_VERSION=""7.9""",quartz2391,3333156,23:09:18 21/04/2021 UTC,23:09:18 21/04/2021 UTC,Driverless Perf per-process sampling,Intel(R) Xeon(R) Processor code named Broadwell,2095148796,72,Metric Value
9,80,0.022791,0.0,0.0,0.0,2.000000,2095148879.000000,1,0.6% (0.220 out of 36),0.6% (0.440 out of 72),0.0,0.0,0.0,0.0,0.0,0.0,0.0,0.0,0.0,0.0,0.0,0.0,0.0,0.0,0.0,"myocyte ""100"" ""8"" ""0"" ""9""","3.10.0-1160.15.2.1chaos.ch6.x86_64 NAME=""Red Hat Enterprise Linux Server"" VERSION=""7.9 (Maipo)"" ID=""rhel"" ID_LIKE=""fedora"" VARIANT=""Server"" VARIANT_ID=""server"" VERSION_ID=""7.9"" PRETTY_NAME=""Red Hat Enterprise Linux Server 7.9 (Maipo)"" ANSI_COLOR=""0;31"" CPE_NAME=""cpe:/o:redhat:enterprise_linux:7.9:GA:server"" HOME_URL=""https://www.redhat.com/"" BUG_REPORT_URL=""https://bugzilla.redhat.com/""  REDHAT_BUGZILLA_PRODUCT=""Red Hat Enterprise Linux 7"" REDHAT_BUGZILLA_PRODUCT_VERSION=7.9 REDHAT_SUPPORT_PRODUCT=""Red Hat Enterprise Linux"" REDHAT_SUPPORT_PRODUCT_VERSION=""7.9""",quartz2391,3317029,23:09:38 21/04/2021 UTC,23:09:38 21/04/2021 UTC,Driverless Perf per-process sampling,Intel(R) Xeon(R) Processor code named Broadwell,2095148879,72,Metric Value
4,80,0.024581,0.0,0.0,0.0,2.000000,4190295966.000000,1,0.3% (0.102 out of 36),0.3% (0.204 out of 72),0.0,0.0,0.0,0.0,0.0,0.0,0.0,0.0,0.0,0.0,0.0,0.0,0.0,0.0,0.0,"myocyte ""100"" ""8"" ""0"" ""4""","3.10.0-1160.15.2.1chaos.ch6.x86_64 NAME=""Red Hat Enterprise Linux Server"" VERSION=""7.9 (Maipo)"" ID=""rhel"" ID_LIKE=""fedora"" VARIANT=""Server"" VARIANT_ID=""server"" VERSION_ID=""7.9"" PRETTY_NAME=""Red Hat Enterprise Linux Server 7.9 (Maipo)"" ANSI_COLOR=""0;31"" CPE_NAME=""cpe:/o:redhat:enterprise_linux:7.9:GA:server"" HOME_URL=""https://www.redhat.com/"" BUG_REPORT_URL=""https://bugzilla.redhat.com/""  REDHAT_BUGZILLA_PRODUCT=""Red Hat Enterprise Linux 7"" REDHAT_BUGZILLA_PRODUCT_VERSION=7.9 REDHAT_SUPPORT_PRODUCT=""Red Hat Enterprise Linux"" REDHAT_SUPPORT_PRODUCT_VERSION=""7.9""",quartz2391,3316674,23:09:57 21/04/2021 UTC,23:09:57 21/04/2021 UTC,Driverless Perf per-process sampling,Intel(R) Xeon(R) Processor code named Broadwell,2095147983,72,Metric Value
36,81,0.023795,0.0,0.0,0.0,2.000000,2095146162.000000,1,0.6% (0.211 out of 36),0.6% (0.421 out of 72),0.0,0.0,0.0,0.0,0.0,0.0,0.0,0.0,0.0,0.0,0.0,0.0,0.0,0.0,0.0,"myocyte ""100"" ""8"" ""1"" ""36""","3.10.0-1160.15.2.1chaos.ch6.x86_64 NAME=""Red Hat Enterprise Linux Server"" VERSION=""7.9 (Maipo)"" ID=""rhel"" ID_LIKE=""fedora"" VARIANT=""Server"" VARIANT_ID=""server"" VERSION_ID=""7.9"" PRETTY_NAME=""Red Hat Enterprise Linux Server 7.9 (Maipo)"" ANSI_COLOR=""0;31"" CPE_NAME=""cpe:/o:redhat:enterprise_linux:7.9:GA:server"" HOME_URL=""https://www.redhat.com/"" BUG_REPORT_URL=""https://bugzilla.redhat.com/""  REDHAT_BUGZILLA_PRODUCT=""Red Hat Enterprise Linux 7"" REDHAT_BUGZILLA_PRODUCT_VERSION=7.9 REDHAT_SUPPORT_PRODUCT=""Red Hat Enterprise Linux"" REDHAT_SUPPORT_PRODUCT_VERSION=""7.9""",quartz2391,3317039,23:10:16 21/04/2021 UTC,23:10:16 21/04/2021 UTC,Driverless Perf per-process sampling,Intel(R) Xeon(R) Processor code named Broadwell,2095146162,72,Metric Value
18,81,0.024531,0.0,0.0,0.0,2.000000,4190292432.000000,1,0.3% (0.102 out of 36),0.3% (0.204 out of 72),0.0,0.0,0.0,0.0,0.0,0.0,0.0,0.0,0.0,0.0,0.0,0.0,0.0,0.0,0.0,"myocyte ""100"" ""8"" ""1"" ""18""","3.10.0-1160.15.2.1chaos.ch6.x86_64 NAME=""Red Hat Enterprise Linux Server"" VERSION=""7.9 (Maipo)"" ID=""rhel"" ID_LIKE=""fedora"" VARIANT=""Server"" VARIANT_ID=""server"" VERSION_ID=""7.9"" PRETTY_NAME=""Red Hat Enterprise Linux Server 7.9 (Maipo)"" ANSI_COLOR=""0;31"" CPE_NAME=""cpe:/o:redhat:enterprise_linux:7.9:GA:server"" HOME_URL=""https://www.redhat.com/"" BUG_REPORT_URL=""https://bugzilla.redhat.com/""  REDHAT_BUGZILLA_PRODUCT=""Red Hat Enterprise Linux 7"" REDHAT_BUGZILLA_PRODUCT_VERSION=7.9 REDHAT_SUPPORT_PRODUCT=""Red Hat Enterprise Linux"" REDHAT_SUPPORT_PRODUCT_VERSION=""7.9""",quartz2391,3316719,23:10:35 21/04/2021 UTC,23:10:35 21/04/2021 UTC,Driverless Perf per-process sampling,Intel(R) Xeon(R) Processor code named Broadwell,2095146216,72,Metric Value
9,81,0.027642,0.0,0.0,0.0,2.000000,2095148756.000000,1,0.5% (0.181 out of 36),0.5% (0.363 out of 72),0.0,0.0,0.0,0.0,0.0,0.0,0.0,0.0,0.0,0.0,0.0,0.0,0.0,0.0,0.0,"myocyte ""100"" ""8"" ""1"" ""9""","3.10.0-1160.15.2.1chaos.ch6.x86_64 NAME=""Red Hat Enterprise Linux Server"" VERSION=""7.9 (Maipo)"" ID=""rhel"" ID_LIKE=""fedora"" VARIANT=""Server"" VARIANT_ID=""server"" VERSION_ID=""7.9"" PRETTY_NAME=""Red Hat Enterprise Linux Server 7.9 (Maipo)"" ANSI_COLOR=""0;31"" CPE_NAME=""cpe:/o:redhat:enterprise_linux:7.9:GA:server"" HOME_URL=""https://www.redhat.com/"" BUG_REPORT_URL=""https://bugzilla.redhat.com/""  REDHAT_BUGZILLA_PRODUCT=""Red Hat Enterprise Linux 7"" REDHAT_BUGZILLA_PRODUCT_VERSION=7.9 REDHAT_SUPPORT_PRODUCT=""Red Hat Enterprise Linux"" REDHAT_SUPPORT_PRODUCT_VERSION=""7.9""",quartz2391,3317009,23:10:55 21/04/2021 UTC,23:10:55 21/04/2021 UTC,Driverless Perf per-process sampling,Intel(R) Xeon(R) Processor code named Broadwell,2095148756,72,Metric Value
4,81,0.025363,0.0,0.0,0.0,2.000000,2095149489.000000,1,0.5% (0.198 out of 36),0.5% (0.395 out of 72),0.0,0.0,0.0,0.0,0.0,0.0,0.0,0.0,0.0,0.0,0.0,0.0,0.0,0.0,0.0,"myocyte ""100"" ""8"" ""1"" ""4""","3.10.0-1160.15.2.1chaos.ch6.x86_64 NAME=""Red Hat Enterprise Linux Server"" VERSION=""7.9 (Maipo)"" ID=""rhel"" ID_LIKE=""fedora"" VARIANT=""Server"" VARIANT_ID=""server"" VERSION_ID=""7.9"" PRETTY_NAME=""Red Hat Enterprise Linux Server 7.9 (Maipo)"" ANSI_COLOR=""0;31"" CPE_NAME=""cpe:/o:redhat:enterprise_linux:7.9:GA:server"" HOME_URL=""https://www.redhat.com/"" BUG_REPORT_URL=""https://bugzilla.redhat.com/""  REDHAT_BUGZILLA_PRODUCT=""Red Hat Enterprise Linux 7"" REDHAT_BUGZILLA_PRODUCT_VERSION=7.9 REDHAT_SUPPORT_PRODUCT=""Red Hat Enterprise Linux"" REDHAT_SUPPORT_PRODUCT_VERSION=""7.9""",quartz2391,3317001,23:11:15 21/04/2021 UTC,23:11:15 21/04/2021 UTC,Driverless Perf per-process sampling,Intel(R) Xeon(R) Processor code named Broadwell,2095149489,72,Metric Value
36,90,0.022955,0.0,0.0,0.0,2.000000,4190299028.000000,1,0.3% (0.109 out of 36),0.3% (0.218 out of 72),0.0,0.0,0.0,0.0,0.0,0.0,0.0,0.0,0.0,0.0,0.0,0.0,0.0,0.0,0.0,"myocyte ""100"" ""9"" ""0"" ""36""","3.10.0-1160.15.2.1chaos.ch6.x86_64 NAME=""Red Hat Enterprise Linux Server"" VERSION=""7.9 (Maipo)"" ID=""rhel"" ID_LIKE=""fedora"" VARIANT=""Server"" VARIANT_ID=""server"" VERSION_ID=""7.9"" PRETTY_NAME=""Red Hat Enterprise Linux Server 7.9 (Maipo)"" ANSI_COLOR=""0;31"" CPE_NAME=""cpe:/o:redhat:enterprise_linux:7.9:GA:server"" HOME_URL=""https://www.redhat.com/"" BUG_REPORT_URL=""https://bugzilla.redhat.com/""  REDHAT_BUGZILLA_PRODUCT=""Red Hat Enterprise Linux 7"" REDHAT_BUGZILLA_PRODUCT_VERSION=7.9 REDHAT_SUPPORT_PRODUCT=""Red Hat Enterprise Linux"" REDHAT_SUPPORT_PRODUCT_VERSION=""7.9""",quartz2391,3316674,23:11:34 21/04/2021 UTC,23:11:34 21/04/2021 UTC,Driverless Perf per-process sampling,Intel(R) Xeon(R) Processor code named Broadwell,2095149514,72,Metric Value
18,90,0.022552,0.0,0.0,0.0,2.000000,4190294270.000000,1,0.3% (0.111 out of 36),0.3% (0.222 out of 72),0.0,0.0,0.0,0.0,0.0,0.0,0.0,0.0,0.0,0.0,0.0,0.0,0.0,0.0,0.0,"myocyte ""100"" ""9"" ""0"" ""18""","3.10.0-1160.15.2.1chaos.ch6.x86_64 NAME=""Red Hat Enterprise Linux Server"" VERSION=""7.9 (Maipo)"" ID=""rhel"" ID_LIKE=""fedora"" VARIANT=""Server"" VARIANT_ID=""server"" VERSION_ID=""7.9"" PRETTY_NAME=""Red Hat Enterprise Linux Server 7.9 (Maipo)"" ANSI_COLOR=""0;31"" CPE_NAME=""cpe:/o:redhat:enterprise_linux:7.9:GA:server"" HOME_URL=""https://www.redhat.com/"" BUG_REPORT_URL=""https://bugzilla.redhat.com/""  REDHAT_BUGZILLA_PRODUCT=""Red Hat Enterprise Linux 7"" REDHAT_BUGZILLA_PRODUCT_VERSION=7.9 REDHAT_SUPPORT_PRODUCT=""Red Hat Enterprise Linux"" REDHAT_SUPPORT_PRODUCT_VERSION=""7.9""",quartz2391,3316714,23:11:54 21/04/2021 UTC,23:11:54 21/04/2021 UTC,Driverless Perf per-process sampling,Intel(R) Xeon(R) Processor code named Broadwell,2095147135,72,Metric Value
9,90,0.024636,0.0,0.0,0.0,2.000000,4190292978.000000,1,0.3% (0.102 out of 36),0.3% (0.203 out of 72),0.0,0.0,0.0,0.0,0.0,0.0,0.0,0.0,0.0,0.0,0.0,0.0,0.0,0.0,0.0,"myocyte ""100"" ""9"" ""0"" ""9""","3.10.0-1160.15.2.1chaos.ch6.x86_64 NAME=""Red Hat Enterprise Linux Server"" VERSION=""7.9 (Maipo)"" ID=""rhel"" ID_LIKE=""fedora"" VARIANT=""Server"" VARIANT_ID=""server"" VERSION_ID=""7.9"" PRETTY_NAME=""Red Hat Enterprise Linux Server 7.9 (Maipo)"" ANSI_COLOR=""0;31"" CPE_NAME=""cpe:/o:redhat:enterprise_linux:7.9:GA:server"" HOME_URL=""https://www.redhat.com/"" BUG_REPORT_URL=""https://bugzilla.redhat.com/""  REDHAT_BUGZILLA_PRODUCT=""Red Hat Enterprise Linux 7"" REDHAT_BUGZILLA_PRODUCT_VERSION=7.9 REDHAT_SUPPORT_PRODUCT=""Red Hat Enterprise Linux"" REDHAT_SUPPORT_PRODUCT_VERSION=""7.9""",quartz2391,3316673,23:12:13 21/04/2021 UTC,23:12:13 21/04/2021 UTC,Driverless Perf per-process sampling,Intel(R) Xeon(R) Processor code named Broadwell,2095146489,72,Metric Value
4,90,0.023847,0.0,0.0,0.0,2.000000,4190298640.000000,1,0.3% (0.105 out of 36),0.3% (0.210 out of 72),0.0,0.0,0.0,0.0,0.0,0.0,0.0,0.0,0.0,0.0,0.0,0.0,0.0,0.0,0.0,"myocyte ""100"" ""9"" ""0"" ""4""","3.10.0-1160.15.2.1chaos.ch6.x86_64 NAME=""Red Hat Enterprise Linux Server"" VERSION=""7.9 (Maipo)"" ID=""rhel"" ID_LIKE=""fedora"" VARIANT=""Server"" VARIANT_ID=""server"" VERSION_ID=""7.9"" PRETTY_NAME=""Red Hat Enterprise Linux Server 7.9 (Maipo)"" ANSI_COLOR=""0;31"" CPE_NAME=""cpe:/o:redhat:enterprise_linux:7.9:GA:server"" HOME_URL=""https://www.redhat.com/"" BUG_REPORT_URL=""https://bugzilla.redhat.com/""  REDHAT_BUGZILLA_PRODUCT=""Red Hat Enterprise Linux 7"" REDHAT_BUGZILLA_PRODUCT_VERSION=7.9 REDHAT_SUPPORT_PRODUCT=""Red Hat Enterprise Linux"" REDHAT_SUPPORT_PRODUCT_VERSION=""7.9""",quartz2391,3316670,23:12:32 21/04/2021 UTC,23:12:32 21/04/2021 UTC,Driverless Perf per-process sampling,Intel(R) Xeon(R) Processor code named Broadwell,2095149320,72,Metric Value
36,91,0.024666,0.0,0.0,0.0,2.000000,2095148027.000000,1,0.6% (0.203 out of 36),0.6% (0.406 out of 72),0.0,0.0,0.0,0.0,0.0,0.0,0.0,0.0,0.0,0.0,0.0,0.0,0.0,0.0,0.0,"myocyte ""100"" ""9"" ""1"" ""36""","3.10.0-1160.15.2.1chaos.ch6.x86_64 NAME=""Red Hat Enterprise Linux Server"" VERSION=""7.9 (Maipo)"" ID=""rhel"" ID_LIKE=""fedora"" VARIANT=""Server"" VARIANT_ID=""server"" VERSION_ID=""7.9"" PRETTY_NAME=""Red Hat Enterprise Linux Server 7.9 (Maipo)"" ANSI_COLOR=""0;31"" CPE_NAME=""cpe:/o:redhat:enterprise_linux:7.9:GA:server"" HOME_URL=""https://www.redhat.com/"" BUG_REPORT_URL=""https://bugzilla.redhat.com/""  REDHAT_BUGZILLA_PRODUCT=""Red Hat Enterprise Linux 7"" REDHAT_BUGZILLA_PRODUCT_VERSION=7.9 REDHAT_SUPPORT_PRODUCT=""Red Hat Enterprise Linux"" REDHAT_SUPPORT_PRODUCT_VERSION=""7.9""",quartz2391,3317036,23:12:51 21/04/2021 UTC,23:12:51 21/04/2021 UTC,Driverless Perf per-process sampling,Intel(R) Xeon(R) Processor code named Broadwell,2095148027,72,Metric Value
18,91,0.024557,0.0,0.0,0.0,3.000000,3142723236.000000,1,0.6% (0.204 out of 36),0.6% (0.408 out of 72),0.0,0.0,0.0,0.0,0.0,0.0,0.0,0.0,0.0,0.0,0.0,0.0,0.0,0.0,0.0,"myocyte ""100"" ""9"" ""1"" ""18""","3.10.0-1160.15.2.1chaos.ch6.x86_64 NAME=""Red Hat Enterprise Linux Server"" VERSION=""7.9 (Maipo)"" ID=""rhel"" ID_LIKE=""fedora"" VARIANT=""Server"" VARIANT_ID=""server"" VERSION_ID=""7.9"" PRETTY_NAME=""Red Hat Enterprise Linux Server 7.9 (Maipo)"" ANSI_COLOR=""0;31"" CPE_NAME=""cpe:/o:redhat:enterprise_linux:7.9:GA:server"" HOME_URL=""https://www.redhat.com/"" BUG_REPORT_URL=""https://bugzilla.redhat.com/""  REDHAT_BUGZILLA_PRODUCT=""Red Hat Enterprise Linux 7"" REDHAT_BUGZILLA_PRODUCT_VERSION=7.9 REDHAT_SUPPORT_PRODUCT=""Red Hat Enterprise Linux"" REDHAT_SUPPORT_PRODUCT_VERSION=""7.9""",quartz2391,3333694,23:13:11 21/04/2021 UTC,23:13:11 21/04/2021 UTC,Driverless Perf per-process sampling,Intel(R) Xeon(R) Processor code named Broadwell,2095148824,72,Metric Value
9,91,0.025347,0.0,0.0,0.0,,2095148692.000000,1,0.3% (0.099 out of 36),0.3% (0.198 out of 72),0.0,0.0,0.0,0.0,0.0,0.0,0.0,0.0,0.0,0.0,0.0,0.0,0.0,0.0,0.0,"myocyte ""100"" ""9"" ""1"" ""9""","3.10.0-1160.15.2.1chaos.ch6.x86_64 NAME=""Red Hat Enterprise Linux Server"" VERSION=""7.9 (Maipo)"" ID=""rhel"" ID_LIKE=""fedora"" VARIANT=""Server"" VARIANT_ID=""server"" VERSION_ID=""7.9"" PRETTY_NAME=""Red Hat Enterprise Linux Server 7.9 (Maipo)"" ANSI_COLOR=""0;31"" CPE_NAME=""cpe:/o:redhat:enterprise_linux:7.9:GA:server"" HOME_URL=""https://www.redhat.com/"" BUG_REPORT_URL=""https://bugzilla.redhat.com/""  REDHAT_BUGZILLA_PRODUCT=""Red Hat Enterprise Linux 7"" REDHAT_BUGZILLA_PRODUCT_VERSION=7.9 REDHAT_SUPPORT_PRODUCT=""Red Hat Enterprise Linux"" REDHAT_SUPPORT_PRODUCT_VERSION=""7.9""",quartz2391,3316143,23:13:30 21/04/2021 UTC,23:13:30 21/04/2021 UTC,Driverless Perf per-process sampling,Intel(R) Xeon(R) Processor code named Broadwell,2095148692,72,Metric Value
4,91,0.024793,0.0,0.0,0.0,2.000000,2095147187.000000,1,0.6% (0.202 out of 36),0.6% (0.404 out of 72),0.0,0.0,0.0,0.0,0.0,0.0,0.0,0.0,0.0,0.0,0.0,0.0,0.0,0.0,0.0,"myocyte ""100"" ""9"" ""1"" ""4""","3.10.0-1160.15.2.1chaos.ch6.x86_64 NAME=""Red Hat Enterprise Linux Server"" VERSION=""7.9 (Maipo)"" ID=""rhel"" ID_LIKE=""fedora"" VARIANT=""Server"" VARIANT_ID=""server"" VERSION_ID=""7.9"" PRETTY_NAME=""Red Hat Enterprise Linux Server 7.9 (Maipo)"" ANSI_COLOR=""0;31"" CPE_NAME=""cpe:/o:redhat:enterprise_linux:7.9:GA:server"" HOME_URL=""https://www.redhat.com/"" BUG_REPORT_URL=""https://bugzilla.redhat.com/""  REDHAT_BUGZILLA_PRODUCT=""Red Hat Enterprise Linux 7"" REDHAT_BUGZILLA_PRODUCT_VERSION=7.9 REDHAT_SUPPORT_PRODUCT=""Red Hat Enterprise Linux"" REDHAT_SUPPORT_PRODUCT_VERSION=""7.9""",quartz2391,3341645,23:13:49 21/04/2021 UTC,23:13:49 21/04/2021 UTC,Driverless Perf per-process sampling,Intel(R) Xeon(R) Processor code named Broadwell,2095147187,72,Metric Value
36,100,0.024481,0.0,0.0,0.0,2.000000,4190295304.000000,1,0.3% (0.102 out of 36),0.3% (0.205 out of 72),0.0,0.0,0.0,0.0,0.0,0.0,0.0,0.0,0.0,0.0,0.0,0.0,0.0,0.0,0.0,"myocyte ""100"" ""10"" ""0"" ""36""","3.10.0-1160.15.2.1chaos.ch6.x86_64 NAME=""Red Hat Enterprise Linux Server"" VERSION=""7.9 (Maipo)"" ID=""rhel"" ID_LIKE=""fedora"" VARIANT=""Server"" VARIANT_ID=""server"" VERSION_ID=""7.9"" PRETTY_NAME=""Red Hat Enterprise Linux Server 7.9 (Maipo)"" ANSI_COLOR=""0;31"" CPE_NAME=""cpe:/o:redhat:enterprise_linux:7.9:GA:server"" HOME_URL=""https://www.redhat.com/"" BUG_REPORT_URL=""https://bugzilla.redhat.com/""  REDHAT_BUGZILLA_PRODUCT=""Red Hat Enterprise Linux 7"" REDHAT_BUGZILLA_PRODUCT_VERSION=7.9 REDHAT_SUPPORT_PRODUCT=""Red Hat Enterprise Linux"" REDHAT_SUPPORT_PRODUCT_VERSION=""7.9""",quartz2391,3317278,23:14:08 21/04/2021 UTC,23:14:08 21/04/2021 UTC,Driverless Perf per-process sampling,Intel(R) Xeon(R) Processor code named Broadwell,2095147652,72,Metric Value
18,100,0.026062,0.0,0.0,0.0,2.000000,2095146747.000000,1,0.5% (0.192 out of 36),0.5% (0.385 out of 72),0.0,0.0,0.0,0.0,0.0,0.0,0.0,0.0,0.0,0.0,0.0,0.0,0.0,0.0,0.0,"myocyte ""100"" ""10"" ""0"" ""18""","3.10.0-1160.15.2.1chaos.ch6.x86_64 NAME=""Red Hat Enterprise Linux Server"" VERSION=""7.9 (Maipo)"" ID=""rhel"" ID_LIKE=""fedora"" VARIANT=""Server"" VARIANT_ID=""server"" VERSION_ID=""7.9"" PRETTY_NAME=""Red Hat Enterprise Linux Server 7.9 (Maipo)"" ANSI_COLOR=""0;31"" CPE_NAME=""cpe:/o:redhat:enterprise_linux:7.9:GA:server"" HOME_URL=""https://www.redhat.com/"" BUG_REPORT_URL=""https://bugzilla.redhat.com/""  REDHAT_BUGZILLA_PRODUCT=""Red Hat Enterprise Linux 7"" REDHAT_BUGZILLA_PRODUCT_VERSION=7.9 REDHAT_SUPPORT_PRODUCT=""Red Hat Enterprise Linux"" REDHAT_SUPPORT_PRODUCT_VERSION=""7.9""",quartz2391,3317115,23:14:27 21/04/2021 UTC,23:14:27 21/04/2021 UTC,Driverless Perf per-process sampling,Intel(R) Xeon(R) Processor code named Broadwell,2095146747,72,Metric Value
9,100,0.028817,0.0,0.0,0.0,2.000000,2095146548.000000,1,0.5% (0.174 out of 36),0.5% (0.348 out of 72),0.0,0.0,0.0,0.0,0.0,0.0,0.0,0.0,0.0,0.0,0.0,0.0,0.0,0.0,0.0,"myocyte ""100"" ""10"" ""0"" ""9""","3.10.0-1160.15.2.1chaos.ch6.x86_64 NAME=""Red Hat Enterprise Linux Server"" VERSION=""7.9 (Maipo)"" ID=""rhel"" ID_LIKE=""fedora"" VARIANT=""Server"" VARIANT_ID=""server"" VERSION_ID=""7.9"" PRETTY_NAME=""Red Hat Enterprise Linux Server 7.9 (Maipo)"" ANSI_COLOR=""0;31"" CPE_NAME=""cpe:/o:redhat:enterprise_linux:7.9:GA:server"" HOME_URL=""https://www.redhat.com/"" BUG_REPORT_URL=""https://bugzilla.redhat.com/""  REDHAT_BUGZILLA_PRODUCT=""Red Hat Enterprise Linux 7"" REDHAT_BUGZILLA_PRODUCT_VERSION=7.9 REDHAT_SUPPORT_PRODUCT=""Red Hat Enterprise Linux"" REDHAT_SUPPORT_PRODUCT_VERSION=""7.9""",quartz2391,3349878,23:14:47 21/04/2021 UTC,23:14:47 21/04/2021 UTC,Driverless Perf per-process sampling,Intel(R) Xeon(R) Processor code named Broadwell,2095146548,72,Metric Value
4,100,0.026052,0.0,0.0,0.0,2.000000,4190292084.000000,1,0.3% (0.096 out of 36),0.3% (0.192 out of 72),0.0,0.0,0.0,0.0,0.0,0.0,0.0,0.0,0.0,0.0,0.0,0.0,0.0,0.0,0.0,"myocyte ""100"" ""10"" ""0"" ""4""","3.10.0-1160.15.2.1chaos.ch6.x86_64 NAME=""Red Hat Enterprise Linux Server"" VERSION=""7.9 (Maipo)"" ID=""rhel"" ID_LIKE=""fedora"" VARIANT=""Server"" VARIANT_ID=""server"" VERSION_ID=""7.9"" PRETTY_NAME=""Red Hat Enterprise Linux Server 7.9 (Maipo)"" ANSI_COLOR=""0;31"" CPE_NAME=""cpe:/o:redhat:enterprise_linux:7.9:GA:server"" HOME_URL=""https://www.redhat.com/"" BUG_REPORT_URL=""https://bugzilla.redhat.com/""  REDHAT_BUGZILLA_PRODUCT=""Red Hat Enterprise Linux 7"" REDHAT_BUGZILLA_PRODUCT_VERSION=7.9 REDHAT_SUPPORT_PRODUCT=""Red Hat Enterprise Linux"" REDHAT_SUPPORT_PRODUCT_VERSION=""7.9""",quartz2391,3317116,23:15:06 21/04/2021 UTC,23:15:06 21/04/2021 UTC,Driverless Perf per-process sampling,Intel(R) Xeon(R) Processor code named Broadwell,2095146042,72,Metric Value
36,101,0.024563,0.0,0.0,0.0,2.000000,2095146112.000000,1,0.6% (0.204 out of 36),0.6% (0.408 out of 72),0.0,0.0,0.0,0.0,0.0,0.0,0.0,0.0,0.0,0.0,0.0,0.0,0.0,0.0,0.0,"myocyte ""100"" ""10"" ""1"" ""36""","3.10.0-1160.15.2.1chaos.ch6.x86_64 NAME=""Red Hat Enterprise Linux Server"" VERSION=""7.9 (Maipo)"" ID=""rhel"" ID_LIKE=""fedora"" VARIANT=""Server"" VARIANT_ID=""server"" VERSION_ID=""7.9"" PRETTY_NAME=""Red Hat Enterprise Linux Server 7.9 (Maipo)"" ANSI_COLOR=""0;31"" CPE_NAME=""cpe:/o:redhat:enterprise_linux:7.9:GA:server"" HOME_URL=""https://www.redhat.com/"" BUG_REPORT_URL=""https://bugzilla.redhat.com/""  REDHAT_BUGZILLA_PRODUCT=""Red Hat Enterprise Linux 7"" REDHAT_BUGZILLA_PRODUCT_VERSION=7.9 REDHAT_SUPPORT_PRODUCT=""Red Hat Enterprise Linux"" REDHAT_SUPPORT_PRODUCT_VERSION=""7.9""",quartz2391,3317004,23:15:30 21/04/2021 UTC,23:15:30 21/04/2021 UTC,Driverless Perf per-process sampling,Intel(R) Xeon(R) Processor code named Broadwell,2095146112,72,Metric Value
18,101,0.028718,0.0,0.0,0.0,3.000000,3142723465.500000,1,0.5% (0.175 out of 36),0.5% (0.349 out of 72),0.0,0.0,0.0,0.0,0.0,0.0,0.0,0.0,0.0,0.0,0.0,0.0,0.0,0.0,0.0,"myocyte ""100"" ""10"" ""1"" ""18""","3.10.0-1160.15.2.1chaos.ch6.x86_64 NAME=""Red Hat Enterprise Linux Server"" VERSION=""7.9 (Maipo)"" ID=""rhel"" ID_LIKE=""fedora"" VARIANT=""Server"" VARIANT_ID=""server"" VERSION_ID=""7.9"" PRETTY_NAME=""Red Hat Enterprise Linux Server 7.9 (Maipo)"" ANSI_COLOR=""0;31"" CPE_NAME=""cpe:/o:redhat:enterprise_linux:7.9:GA:server"" HOME_URL=""https://www.redhat.com/"" BUG_REPORT_URL=""https://bugzilla.redhat.com/""  REDHAT_BUGZILLA_PRODUCT=""Red Hat Enterprise Linux 7"" REDHAT_BUGZILLA_PRODUCT_VERSION=7.9 REDHAT_SUPPORT_PRODUCT=""Red Hat Enterprise Linux"" REDHAT_SUPPORT_PRODUCT_VERSION=""7.9""",quartz2391,3317334,23:15:50 21/04/2021 UTC,23:15:50 21/04/2021 UTC,Driverless Perf per-process sampling,Intel(R) Xeon(R) Processor code named Broadwell,2095148977,72,Metric Value
9,101,0.024911,0.0,0.0,0.0,2.000000,2095145718.000000,1,0.6% (0.201 out of 36),0.6% (0.402 out of 72),0.0,0.0,0.0,0.0,0.0,0.0,0.0,0.0,0.0,0.0,0.0,0.0,0.0,0.0,0.0,"myocyte ""100"" ""10"" ""1"" ""9""","3.10.0-1160.15.2.1chaos.ch6.x86_64 NAME=""Red Hat Enterprise Linux Server"" VERSION=""7.9 (Maipo)"" ID=""rhel"" ID_LIKE=""fedora"" VARIANT=""Server"" VARIANT_ID=""server"" VERSION_ID=""7.9"" PRETTY_NAME=""Red Hat Enterprise Linux Server 7.9 (Maipo)"" ANSI_COLOR=""0;31"" CPE_NAME=""cpe:/o:redhat:enterprise_linux:7.9:GA:server"" HOME_URL=""https://www.redhat.com/"" BUG_REPORT_URL=""https://bugzilla.redhat.com/""  REDHAT_BUGZILLA_PRODUCT=""Red Hat Enterprise Linux 7"" REDHAT_BUGZILLA_PRODUCT_VERSION=7.9 REDHAT_SUPPORT_PRODUCT=""Red Hat Enterprise Linux"" REDHAT_SUPPORT_PRODUCT_VERSION=""7.9""",quartz2391,3317049,23:16:09 21/04/2021 UTC,23:16:09 21/04/2021 UTC,Driverless Perf per-process sampling,Intel(R) Xeon(R) Processor code named Broadwell,2095145718,72,Metric Value
4,101,0.024648,0.0,0.0,0.0,2.000000,2095149675.000000,1,0.6% (0.203 out of 36),0.6% (0.407 out of 72),0.0,0.0,0.0,0.0,0.0,0.0,0.0,0.0,0.0,0.0,0.0,0.0,0.0,0.0,0.0,"myocyte ""100"" ""10"" ""1"" ""4""","3.10.0-1160.15.2.1chaos.ch6.x86_64 NAME=""Red Hat Enterprise Linux Server"" VERSION=""7.9 (Maipo)"" ID=""rhel"" ID_LIKE=""fedora"" VARIANT=""Server"" VARIANT_ID=""server"" VERSION_ID=""7.9"" PRETTY_NAME=""Red Hat Enterprise Linux Server 7.9 (Maipo)"" ANSI_COLOR=""0;31"" CPE_NAME=""cpe:/o:redhat:enterprise_linux:7.9:GA:server"" HOME_URL=""https://www.redhat.com/"" BUG_REPORT_URL=""https://bugzilla.redhat.com/""  REDHAT_BUGZILLA_PRODUCT=""Red Hat Enterprise Linux 7"" REDHAT_BUGZILLA_PRODUCT_VERSION=7.9 REDHAT_SUPPORT_PRODUCT=""Red Hat Enterprise Linux"" REDHAT_SUPPORT_PRODUCT_VERSION=""7.9""",quartz2391,3333779,23:16:30 21/04/2021 UTC,23:16:30 21/04/2021 UTC,Driverless Perf per-process sampling,Intel(R) Xeon(R) Processor code named Broadwell,2095149675,72,Metric Value
