threadcount,inputinfo,Elapsed Time,Paused Time,Effective CPU Utilization,OpenMP Analysis. Collection Time,Serial Time (outside parallel regions),Parallel Region Time,Estimated Ideal Time,OpenMP Potential Gain,Total Thread Count,Thread Oversubscription,Wait Time with poor CPU Utilization,Spin and Overhead Time,Application Command Line,Operating System,Computer Name,Result Size,Collection start time,Collection stop time,Collector Type,Name,Frequency,Logical CPU Count,SP GFLOPS,DP GFLOPS,x87 GFLOPS,CPI Rate,Average CPU Frequency,Effective Physical Core Utilization,Effective Logical Core Utilization,Memory Bound,Cache Bound,DRAM Bound,NUMA: % of Remote Accesses,Vectorization,SP FLOPs,Packed,128-bit,256-bit,Scalar,DP FLOPs,x87 FLOPs,Non-FP,FP Arith/Mem Rd Instr. Ratio,FP Arith/Mem Wr Instr. Ratio,Average Effective CPU Utilization,Metric Name
36,10,0.536465,0.0,10.3% (7.389 out of 72 logical CPUs),0.723086,0.306s (57.0%),0.231s (43.0%),0.143s (26.7%),0.088s (16.3%),36,0s (0.0% of CPU Time),2.440s (100.0% of Wait Time),5.150s (52.0% of CPU Time),"lavaMD ""-cores"" ""36"" ""-boxes1d"" ""10""","3.10.0-1160.15.2.1chaos.ch6.x86_64 NAME=""Red Hat Enterprise Linux Server"" VERSION=""7.9 (Maipo)"" ID=""rhel"" ID_LIKE=""fedora"" VARIANT=""Server"" VARIANT_ID=""server"" VERSION_ID=""7.9"" PRETTY_NAME=""Red Hat Enterprise Linux Server 7.9 (Maipo)"" ANSI_COLOR=""0;31"" CPE_NAME=""cpe:/o:redhat:enterprise_linux:7.9:GA:server"" HOME_URL=""https://www.redhat.com/"" BUG_REPORT_URL=""https://bugzilla.redhat.com/""  REDHAT_BUGZILLA_PRODUCT=""Red Hat Enterprise Linux 7"" REDHAT_BUGZILLA_PRODUCT_VERSION=7.9 REDHAT_SUPPORT_PRODUCT=""Red Hat Enterprise Linux"" REDHAT_SUPPORT_PRODUCT_VERSION=""7.9""",quartz3070,6648784,23:40:13 21/04/2021 UTC,23:40:13 21/04/2021 UTC,Driverless Perf per-process sampling,Intel(R) Xeon(R) Processor code named Broadwell,2095148747,72,0.0,7.046140,0.0,0.604454,2611656716.048943,25.7% (9.259 out of 36),14.8% (10.622 out of 72),2.6,1.2,0.0,0.0,0.0,0.0,0.0,0.0,0.0,100.0,14.6,0.0,85.4,0.447987,1.138179,,Metric Value
18,10,0.493924,0.0,9.7% (6.968 out of 72 logical CPUs),0.741685,0.197s (39.8%),0.297s (60.2%),0.243s (49.1%),0.055s (11.1%),18,0s (0.0% of CPU Time),0.620s (100.0% of Wait Time),2.470s (34.3% of CPU Time),"lavaMD ""-cores"" ""18"" ""-boxes1d"" ""10""","3.10.0-1160.15.2.1chaos.ch6.x86_64 NAME=""Red Hat Enterprise Linux Server"" VERSION=""7.9 (Maipo)"" ID=""rhel"" ID_LIKE=""fedora"" VARIANT=""Server"" VARIANT_ID=""server"" VERSION_ID=""7.9"" PRETTY_NAME=""Red Hat Enterprise Linux Server 7.9 (Maipo)"" ANSI_COLOR=""0;31"" CPE_NAME=""cpe:/o:redhat:enterprise_linux:7.9:GA:server"" HOME_URL=""https://www.redhat.com/"" BUG_REPORT_URL=""https://bugzilla.redhat.com/""  REDHAT_BUGZILLA_PRODUCT=""Red Hat Enterprise Linux 7"" REDHAT_BUGZILLA_PRODUCT_VERSION=7.9 REDHAT_SUPPORT_PRODUCT=""Red Hat Enterprise Linux"" REDHAT_SUPPORT_PRODUCT_VERSION=""7.9""",quartz3070,5880939,23:40:54 21/04/2021 UTC,23:40:55 21/04/2021 UTC,Driverless Perf per-process sampling,Intel(R) Xeon(R) Processor code named Broadwell,2095148709,72,0.0,11.479512,0.0,0.480579,2659978911.333022,25.2% (9.055 out of 36),12.7% (9.112 out of 72),5.5,1.3,0.0,0.0,0.0,0.0,0.0,0.0,0.0,100.0,25.8,0.0,74.2,0.814456,2.028928,,Metric Value
9,10,0.645816,0.0,7.4% (5.327 out of 72 logical CPUs),0.766006,0.178s (27.5%),0.468s (72.5%),0.425s (65.7%),0.044s (6.8%),9,0s (0.0% of CPU Time),0.132s (100.0% of Wait Time),1.130s (21.9% of CPU Time),"lavaMD ""-cores"" ""9"" ""-boxes1d"" ""10""","3.10.0-1160.15.2.1chaos.ch6.x86_64 NAME=""Red Hat Enterprise Linux Server"" VERSION=""7.9 (Maipo)"" ID=""rhel"" ID_LIKE=""fedora"" VARIANT=""Server"" VARIANT_ID=""server"" VERSION_ID=""7.9"" PRETTY_NAME=""Red Hat Enterprise Linux Server 7.9 (Maipo)"" ANSI_COLOR=""0;31"" CPE_NAME=""cpe:/o:redhat:enterprise_linux:7.9:GA:server"" HOME_URL=""https://www.redhat.com/"" BUG_REPORT_URL=""https://bugzilla.redhat.com/""  REDHAT_BUGZILLA_PRODUCT=""Red Hat Enterprise Linux 7"" REDHAT_BUGZILLA_PRODUCT_VERSION=7.9 REDHAT_SUPPORT_PRODUCT=""Red Hat Enterprise Linux"" REDHAT_SUPPORT_PRODUCT_VERSION=""7.9""",quartz3070,5524220,23:41:34 21/04/2021 UTC,23:41:35 21/04/2021 UTC,Driverless Perf per-process sampling,Intel(R) Xeon(R) Processor code named Broadwell,2095148557,72,0.0,9.894477,0.0,0.436747,2917613836.878751,16.8% (6.041 out of 36),8.3% (5.952 out of 72),5.5,2.2,1.5,0.0,0.0,0.0,0.0,0.0,0.0,100.0,30.5,0.0,69.5,0.980635,2.343168,,Metric Value
4,10,1.070251,0.0,3.3% (2.377 out of 72 logical CPUs),1.472481,0.140s (13.0%),0.931s (87.0%),0.853s (79.7%),0.077s (7.2%),4,0s (0.0% of CPU Time),0.011s (100.0% of Wait Time),0.570s (14.4% of CPU Time),"lavaMD ""-cores"" ""4"" ""-boxes1d"" ""10""","3.10.0-1160.15.2.1chaos.ch6.x86_64 NAME=""Red Hat Enterprise Linux Server"" VERSION=""7.9 (Maipo)"" ID=""rhel"" ID_LIKE=""fedora"" VARIANT=""Server"" VARIANT_ID=""server"" VERSION_ID=""7.9"" PRETTY_NAME=""Red Hat Enterprise Linux Server 7.9 (Maipo)"" ANSI_COLOR=""0;31"" CPE_NAME=""cpe:/o:redhat:enterprise_linux:7.9:GA:server"" HOME_URL=""https://www.redhat.com/"" BUG_REPORT_URL=""https://bugzilla.redhat.com/""  REDHAT_BUGZILLA_PRODUCT=""Red Hat Enterprise Linux 7"" REDHAT_BUGZILLA_PRODUCT_VERSION=7.9 REDHAT_SUPPORT_PRODUCT=""Red Hat Enterprise Linux"" REDHAT_SUPPORT_PRODUCT_VERSION=""7.9""",quartz3070,5359646,23:42:15 21/04/2021 UTC,23:42:16 21/04/2021 UTC,Driverless Perf per-process sampling,Intel(R) Xeon(R) Processor code named Broadwell,2095148311,72,0.0,6.222850,0.0,0.432904,3255318872.329251,9.1% (3.258 out of 36),4.5% (3.231 out of 72),6.8,3.8,0.0,0.0,0.0,0.0,0.0,0.0,0.0,100.0,31.2,0.0,68.8,1.018553,2.434141,,Metric Value
36,20,1.761505,0.0,27.9% (20.063 out of 72 logical CPUs),2.160719,0.456s (25.9%),1.305s (74.1%),1.108s (62.9%),0.197s (11.2%),36,0s (0.0% of CPU Time),7.896s (100.0% of Wait Time),7.680s (16.2% of CPU Time),"lavaMD ""-cores"" ""36"" ""-boxes1d"" ""20""","3.10.0-1160.15.2.1chaos.ch6.x86_64 NAME=""Red Hat Enterprise Linux Server"" VERSION=""7.9 (Maipo)"" ID=""rhel"" ID_LIKE=""fedora"" VARIANT=""Server"" VARIANT_ID=""server"" VERSION_ID=""7.9"" PRETTY_NAME=""Red Hat Enterprise Linux Server 7.9 (Maipo)"" ANSI_COLOR=""0;31"" CPE_NAME=""cpe:/o:redhat:enterprise_linux:7.9:GA:server"" HOME_URL=""https://www.redhat.com/"" BUG_REPORT_URL=""https://bugzilla.redhat.com/""  REDHAT_BUGZILLA_PRODUCT=""Red Hat Enterprise Linux 7"" REDHAT_BUGZILLA_PRODUCT_VERSION=7.9 REDHAT_SUPPORT_PRODUCT=""Red Hat Enterprise Linux"" REDHAT_SUPPORT_PRODUCT_VERSION=""7.9""",quartz3070,20785942,23:42:59 21/04/2021 UTC,23:43:01 21/04/2021 UTC,Driverless Perf per-process sampling,Intel(R) Xeon(R) Processor code named Broadwell,2095148368,72,0.0,31.728601,0.0,0.466211,2601009427.926695,61.3% (22.067 out of 36),32.0% (23.005 out of 72),5.7,3.4,0.2,0.0,0.0,0.0,0.0,0.0,0.0,100.0,28.9,0.0,71.1,0.934933,2.289336,,Metric Value
18,20,2.492362,0.0,20.3% (14.650 out of 72 logical CPUs),2.600237,0.304s (12.2%),2.188s (87.8%),2.031s (81.5%),0.157s (6.3%),18,0s (0.0% of CPU Time),1.636s (100.0% of Wait Time),2.110s (5.3% of CPU Time),"lavaMD ""-cores"" ""18"" ""-boxes1d"" ""20""","3.10.0-1160.15.2.1chaos.ch6.x86_64 NAME=""Red Hat Enterprise Linux Server"" VERSION=""7.9 (Maipo)"" ID=""rhel"" ID_LIKE=""fedora"" VARIANT=""Server"" VARIANT_ID=""server"" VERSION_ID=""7.9"" PRETTY_NAME=""Red Hat Enterprise Linux Server 7.9 (Maipo)"" ANSI_COLOR=""0;31"" CPE_NAME=""cpe:/o:redhat:enterprise_linux:7.9:GA:server"" HOME_URL=""https://www.redhat.com/"" BUG_REPORT_URL=""https://bugzilla.redhat.com/""  REDHAT_BUGZILLA_PRODUCT=""Red Hat Enterprise Linux 7"" REDHAT_BUGZILLA_PRODUCT_VERSION=7.9 REDHAT_SUPPORT_PRODUCT=""Red Hat Enterprise Linux"" REDHAT_SUPPORT_PRODUCT_VERSION=""7.9""",quartz3070,17964484,23:43:46 21/04/2021 UTC,23:43:48 21/04/2021 UTC,Driverless Perf per-process sampling,Intel(R) Xeon(R) Processor code named Broadwell,2095147932,72,0.0,24.049513,0.0,0.425057,2679253106.806236,41.2% (14.836 out of 36),20.5% (14.729 out of 72),8.5,5.0,0.0,0.0,0.0,0.0,0.0,0.0,0.0,100.0,32.3,0.0,67.7,1.054268,2.509821,,Metric Value
9,20,4.300883,0.0,11.1% (8.018 out of 72 logical CPUs),4.208180,0.245s (5.7%),4.056s (94.3%),3.785s (88.0%),0.271s (6.3%),9,0s (0.0% of CPU Time),0.992s (100.0% of Wait Time),1.030s (3.0% of CPU Time),"lavaMD ""-cores"" ""9"" ""-boxes1d"" ""20""","3.10.0-1160.15.2.1chaos.ch6.x86_64 NAME=""Red Hat Enterprise Linux Server"" VERSION=""7.9 (Maipo)"" ID=""rhel"" ID_LIKE=""fedora"" VARIANT=""Server"" VARIANT_ID=""server"" VERSION_ID=""7.9"" PRETTY_NAME=""Red Hat Enterprise Linux Server 7.9 (Maipo)"" ANSI_COLOR=""0;31"" CPE_NAME=""cpe:/o:redhat:enterprise_linux:7.9:GA:server"" HOME_URL=""https://www.redhat.com/"" BUG_REPORT_URL=""https://bugzilla.redhat.com/""  REDHAT_BUGZILLA_PRODUCT=""Red Hat Enterprise Linux 7"" REDHAT_BUGZILLA_PRODUCT_VERSION=7.9 REDHAT_SUPPORT_PRODUCT=""Red Hat Enterprise Linux"" REDHAT_SUPPORT_PRODUCT_VERSION=""7.9""",quartz3070,17581633,23:44:35 21/04/2021 UTC,23:44:40 21/04/2021 UTC,Driverless Perf per-process sampling,Intel(R) Xeon(R) Processor code named Broadwell,2095147898,72,0.0,14.020398,0.0,0.426664,2908869781.134053,21.8% (7.851 out of 36),11.0% (7.912 out of 72),8.5,5.2,0.0,0.0,0.0,0.0,0.0,0.0,0.0,100.0,32.7,0.0,67.3,1.064053,2.545037,,Metric Value
4,20,8.515681,0.0,5.0% (3.616 out of 72 logical CPUs),8.407386,0.432s (5.1%),8.084s (94.9%),7.681s (90.2%),0.403s (4.7%),4,0s (0.0% of CPU Time),1.555s (100.0% of Wait Time),0.680s (2.2% of CPU Time),"lavaMD ""-cores"" ""4"" ""-boxes1d"" ""20""","3.10.0-1160.15.2.1chaos.ch6.x86_64 NAME=""Red Hat Enterprise Linux Server"" VERSION=""7.9 (Maipo)"" ID=""rhel"" ID_LIKE=""fedora"" VARIANT=""Server"" VARIANT_ID=""server"" VERSION_ID=""7.9"" PRETTY_NAME=""Red Hat Enterprise Linux Server 7.9 (Maipo)"" ANSI_COLOR=""0;31"" CPE_NAME=""cpe:/o:redhat:enterprise_linux:7.9:GA:server"" HOME_URL=""https://www.redhat.com/"" BUG_REPORT_URL=""https://bugzilla.redhat.com/""  REDHAT_BUGZILLA_PRODUCT=""Red Hat Enterprise Linux 7"" REDHAT_BUGZILLA_PRODUCT_VERSION=7.9 REDHAT_SUPPORT_PRODUCT=""Red Hat Enterprise Linux"" REDHAT_SUPPORT_PRODUCT_VERSION=""7.9""",quartz3070,16572751,23:45:27 21/04/2021 UTC,23:45:36 21/04/2021 UTC,Driverless Perf per-process sampling,Intel(R) Xeon(R) Processor code named Broadwell,2095147960,72,0.0,7.197322,0.0,0.418261,3217851496.927311,9.9% (3.567 out of 36),4.9% (3.560 out of 72),9.0,5.3,0.1,0.0,0.0,0.0,0.0,0.0,0.0,100.0,33.5,0.0,66.5,1.095529,2.607123,,Metric Value
36,30,5.302870,0.0,38.5% (27.744 out of 72 logical CPUs),4.937391,0.703s (13.3%),4.600s (86.7%),4.172s (78.7%),0.428s (8.1%),36,0s (0.0% of CPU Time),9.736s (100.0% of Wait Time),8.120s (5.7% of CPU Time),"lavaMD ""-cores"" ""36"" ""-boxes1d"" ""30""","3.10.0-1160.15.2.1chaos.ch6.x86_64 NAME=""Red Hat Enterprise Linux Server"" VERSION=""7.9 (Maipo)"" ID=""rhel"" ID_LIKE=""fedora"" VARIANT=""Server"" VARIANT_ID=""server"" VERSION_ID=""7.9"" PRETTY_NAME=""Red Hat Enterprise Linux Server 7.9 (Maipo)"" ANSI_COLOR=""0;31"" CPE_NAME=""cpe:/o:redhat:enterprise_linux:7.9:GA:server"" HOME_URL=""https://www.redhat.com/"" BUG_REPORT_URL=""https://bugzilla.redhat.com/""  REDHAT_BUGZILLA_PRODUCT=""Red Hat Enterprise Linux 7"" REDHAT_BUGZILLA_PRODUCT_VERSION=7.9 REDHAT_SUPPORT_PRODUCT=""Red Hat Enterprise Linux"" REDHAT_SUPPORT_PRODUCT_VERSION=""7.9""",quartz3070,58422841,23:46:23 21/04/2021 UTC,23:46:28 21/04/2021 UTC,Driverless Perf per-process sampling,Intel(R) Xeon(R) Processor code named Broadwell,2095148191,72,0.0,37.168611,0.0,0.476382,2598805944.090992,69.7% (25.093 out of 36),38.9% (28.003 out of 72),7.2,4.9,0.0,0.0,0.0,0.0,0.0,0.0,0.0,100.0,30.6,0.0,69.4,0.997307,2.409040,,Metric Value
18,30,8.377265,0.0,22.1% (15.922 out of 72 logical CPUs),8.364261,0.630s (7.5%),7.747s (92.5%),7.378s (88.1%),0.369s (4.4%),18,0s (0.0% of CPU Time),5.272s (100.0% of Wait Time),3.930s (2.9% of CPU Time),"lavaMD ""-cores"" ""18"" ""-boxes1d"" ""30""","3.10.0-1160.15.2.1chaos.ch6.x86_64 NAME=""Red Hat Enterprise Linux Server"" VERSION=""7.9 (Maipo)"" ID=""rhel"" ID_LIKE=""fedora"" VARIANT=""Server"" VARIANT_ID=""server"" VERSION_ID=""7.9"" PRETTY_NAME=""Red Hat Enterprise Linux Server 7.9 (Maipo)"" ANSI_COLOR=""0;31"" CPE_NAME=""cpe:/o:redhat:enterprise_linux:7.9:GA:server"" HOME_URL=""https://www.redhat.com/"" BUG_REPORT_URL=""https://bugzilla.redhat.com/""  REDHAT_BUGZILLA_PRODUCT=""Red Hat Enterprise Linux 7"" REDHAT_BUGZILLA_PRODUCT_VERSION=7.9 REDHAT_SUPPORT_PRODUCT=""Red Hat Enterprise Linux"" REDHAT_SUPPORT_PRODUCT_VERSION=""7.9""",quartz3070,51337850,23:47:22 21/04/2021 UTC,23:47:30 21/04/2021 UTC,Driverless Perf per-process sampling,Intel(R) Xeon(R) Processor code named Broadwell,2095148105,72,0.0,25.214712,0.0,0.424847,2606405081.301314,43.8% (15.764 out of 36),22.0% (15.849 out of 72),9.2,5.5,0.0,0.0,0.0,0.0,0.0,0.0,0.0,100.0,33.0,0.0,67.0,1.079496,2.570151,,Metric Value
9,30,14.516800,0.0,11.7% (8.419 out of 72 logical CPUs),14.187530,0.527s (3.6%),13.990s (96.4%),13.427s (92.5%),0.563s (3.9%),9,0s (0.0% of CPU Time),3.109s (100.0% of Wait Time),1.650s (1.4% of CPU Time),"lavaMD ""-cores"" ""9"" ""-boxes1d"" ""30""","3.10.0-1160.15.2.1chaos.ch6.x86_64 NAME=""Red Hat Enterprise Linux Server"" VERSION=""7.9 (Maipo)"" ID=""rhel"" ID_LIKE=""fedora"" VARIANT=""Server"" VARIANT_ID=""server"" VERSION_ID=""7.9"" PRETTY_NAME=""Red Hat Enterprise Linux Server 7.9 (Maipo)"" ANSI_COLOR=""0;31"" CPE_NAME=""cpe:/o:redhat:enterprise_linux:7.9:GA:server"" HOME_URL=""https://www.redhat.com/"" BUG_REPORT_URL=""https://bugzilla.redhat.com/""  REDHAT_BUGZILLA_PRODUCT=""Red Hat Enterprise Linux 7"" REDHAT_BUGZILLA_PRODUCT_VERSION=7.9 REDHAT_SUPPORT_PRODUCT=""Red Hat Enterprise Linux"" REDHAT_SUPPORT_PRODUCT_VERSION=""7.9""",quartz3070,49187716,23:48:27 21/04/2021 UTC,23:48:41 21/04/2021 UTC,Driverless Perf per-process sampling,Intel(R) Xeon(R) Processor code named Broadwell,2095147975,72,0.0,14.674743,0.0,0.420523,2864248546.950238,22.8% (8.207 out of 36),11.5% (8.269 out of 72),9.1,5.5,0.0,0.0,0.0,0.0,0.0,0.0,0.0,100.0,33.6,0.0,66.4,1.099008,2.613951,,Metric Value
4,30,31.038145,0.0,5.2% (3.769 out of 72 logical CPUs),28.875572,0.403s (1.3%),30.635s (98.7%),29.013s (93.5%),1.622s (5.2%),4,0s (0.0% of CPU Time),4.733s (100.0% of Wait Time),0.680s (0.6% of CPU Time),"lavaMD ""-cores"" ""4"" ""-boxes1d"" ""30""","3.10.0-1160.15.2.1chaos.ch6.x86_64 NAME=""Red Hat Enterprise Linux Server"" VERSION=""7.9 (Maipo)"" ID=""rhel"" ID_LIKE=""fedora"" VARIANT=""Server"" VARIANT_ID=""server"" VERSION_ID=""7.9"" PRETTY_NAME=""Red Hat Enterprise Linux Server 7.9 (Maipo)"" ANSI_COLOR=""0;31"" CPE_NAME=""cpe:/o:redhat:enterprise_linux:7.9:GA:server"" HOME_URL=""https://www.redhat.com/"" BUG_REPORT_URL=""https://bugzilla.redhat.com/""  REDHAT_BUGZILLA_PRODUCT=""Red Hat Enterprise Linux 7"" REDHAT_BUGZILLA_PRODUCT_VERSION=7.9 REDHAT_SUPPORT_PRODUCT=""Red Hat Enterprise Linux"" REDHAT_SUPPORT_PRODUCT_VERSION=""7.9""",quartz3070,47135275,23:49:51 21/04/2021 UTC,23:50:22 21/04/2021 UTC,Driverless Perf per-process sampling,Intel(R) Xeon(R) Processor code named Broadwell,2095148033,72,0.0,6.898296,0.0,0.416784,3003376413.892910,10.2% (3.657 out of 36),5.1% (3.664 out of 72),9.5,5.7,0.0,0.0,0.0,0.0,0.0,0.0,0.0,100.0,33.8,0.0,66.2,1.111079,2.623726,,Metric Value
36,40,10.649923,0.0,42.6% (30.679 out of 72 logical CPUs),10.494837,1.190s (11.2%),9.460s (88.8%),8.929s (83.8%),0.530s (5.0%),36,0s (0.0% of CPU Time),10.652s (100.0% of Wait Time),7.170s (2.2% of CPU Time),"lavaMD ""-cores"" ""36"" ""-boxes1d"" ""40""","3.10.0-1160.15.2.1chaos.ch6.x86_64 NAME=""Red Hat Enterprise Linux Server"" VERSION=""7.9 (Maipo)"" ID=""rhel"" ID_LIKE=""fedora"" VARIANT=""Server"" VARIANT_ID=""server"" VERSION_ID=""7.9"" PRETTY_NAME=""Red Hat Enterprise Linux Server 7.9 (Maipo)"" ANSI_COLOR=""0;31"" CPE_NAME=""cpe:/o:redhat:enterprise_linux:7.9:GA:server"" HOME_URL=""https://www.redhat.com/"" BUG_REPORT_URL=""https://bugzilla.redhat.com/""  REDHAT_BUGZILLA_PRODUCT=""Red Hat Enterprise Linux 7"" REDHAT_BUGZILLA_PRODUCT_VERSION=7.9 REDHAT_SUPPORT_PRODUCT=""Red Hat Enterprise Linux"" REDHAT_SUPPORT_PRODUCT_VERSION=""7.9""",quartz3070,117834969,23:51:19 21/04/2021 UTC,23:51:29 21/04/2021 UTC,Driverless Perf per-process sampling,Intel(R) Xeon(R) Processor code named Broadwell,2095148096,72,0.0,48.017321,0.0,0.424187,2596078813.190113,82.9% (29.861 out of 36),41.9% (30.160 out of 72),8.9,5.4,0.0,0.0,0.0,0.0,0.0,0.0,0.0,100.0,33.2,0.0,66.8,1.087766,2.585945,,Metric Value
18,40,18.928675,0.0,23.2% (16.716 out of 72 logical CPUs),18.922668,0.863s (4.6%),18.066s (95.4%),17.584s (92.9%),0.482s (2.5%),18,0s (0.0% of CPU Time),6.216s (100.0% of Wait Time),3.910s (1.2% of CPU Time),"lavaMD ""-cores"" ""18"" ""-boxes1d"" ""40""","3.10.0-1160.15.2.1chaos.ch6.x86_64 NAME=""Red Hat Enterprise Linux Server"" VERSION=""7.9 (Maipo)"" ID=""rhel"" ID_LIKE=""fedora"" VARIANT=""Server"" VARIANT_ID=""server"" VERSION_ID=""7.9"" PRETTY_NAME=""Red Hat Enterprise Linux Server 7.9 (Maipo)"" ANSI_COLOR=""0;31"" CPE_NAME=""cpe:/o:redhat:enterprise_linux:7.9:GA:server"" HOME_URL=""https://www.redhat.com/"" BUG_REPORT_URL=""https://bugzilla.redhat.com/""  REDHAT_BUGZILLA_PRODUCT=""Red Hat Enterprise Linux 7"" REDHAT_BUGZILLA_PRODUCT_VERSION=7.9 REDHAT_SUPPORT_PRODUCT=""Red Hat Enterprise Linux"" REDHAT_SUPPORT_PRODUCT_VERSION=""7.9""",quartz3070,112636444,23:52:38 21/04/2021 UTC,23:52:57 21/04/2021 UTC,Driverless Perf per-process sampling,Intel(R) Xeon(R) Processor code named Broadwell,2095148034,72,0.0,27.201627,0.0,0.415838,2598832483.346545,46.3% (16.671 out of 36),23.2% (16.673 out of 72),9.2,5.4,0.0,0.0,0.0,0.0,0.0,0.0,0.0,100.0,33.6,0.0,66.4,1.103237,2.606898,,Metric Value
9,40,34.616837,0.0,11.7% (8.445 out of 72 logical CPUs),33.915329,0.925s (2.7%),33.692s (97.3%),32.523s (94.0%),1.169s (3.4%),9,0s (0.0% of CPU Time),10.911s (100.0% of Wait Time),1.690s (0.6% of CPU Time),"lavaMD ""-cores"" ""9"" ""-boxes1d"" ""40""","3.10.0-1160.15.2.1chaos.ch6.x86_64 NAME=""Red Hat Enterprise Linux Server"" VERSION=""7.9 (Maipo)"" ID=""rhel"" ID_LIKE=""fedora"" VARIANT=""Server"" VARIANT_ID=""server"" VERSION_ID=""7.9"" PRETTY_NAME=""Red Hat Enterprise Linux Server 7.9 (Maipo)"" ANSI_COLOR=""0;31"" CPE_NAME=""cpe:/o:redhat:enterprise_linux:7.9:GA:server"" HOME_URL=""https://www.redhat.com/"" BUG_REPORT_URL=""https://bugzilla.redhat.com/""  REDHAT_BUGZILLA_PRODUCT=""Red Hat Enterprise Linux 7"" REDHAT_BUGZILLA_PRODUCT_VERSION=7.9 REDHAT_SUPPORT_PRODUCT=""Red Hat Enterprise Linux"" REDHAT_SUPPORT_PRODUCT_VERSION=""7.9""",quartz3070,111544847,23:54:20 21/04/2021 UTC,23:54:54 21/04/2021 UTC,Driverless Perf per-process sampling,Intel(R) Xeon(R) Processor code named Broadwell,2095148016,72,0.0,14.840199,0.0,0.416657,2852351511.047208,23.0% (8.286 out of 36),11.6% (8.336 out of 72),9.0,5.4,0.0,0.0,0.0,0.0,0.0,0.0,0.0,100.0,33.7,0.0,66.3,1.104522,2.607271,,Metric Value
4,40,69.557599,0.0,5.3% (3.812 out of 72 logical CPUs),69.238149,0.872s (1.3%),68.685s (98.7%),66.841s (96.1%),1.844s (2.7%),4,0s (0.0% of CPU Time),9.725s (100.0% of Wait Time),0.710s (0.3% of CPU Time),"lavaMD ""-cores"" ""4"" ""-boxes1d"" ""40""","3.10.0-1160.15.2.1chaos.ch6.x86_64 NAME=""Red Hat Enterprise Linux Server"" VERSION=""7.9 (Maipo)"" ID=""rhel"" ID_LIKE=""fedora"" VARIANT=""Server"" VARIANT_ID=""server"" VERSION_ID=""7.9"" PRETTY_NAME=""Red Hat Enterprise Linux Server 7.9 (Maipo)"" ANSI_COLOR=""0;31"" CPE_NAME=""cpe:/o:redhat:enterprise_linux:7.9:GA:server"" HOME_URL=""https://www.redhat.com/"" BUG_REPORT_URL=""https://bugzilla.redhat.com/""  REDHAT_BUGZILLA_PRODUCT=""Red Hat Enterprise Linux 7"" REDHAT_BUGZILLA_PRODUCT_VERSION=7.9 REDHAT_SUPPORT_PRODUCT=""Red Hat Enterprise Linux"" REDHAT_SUPPORT_PRODUCT_VERSION=""7.9""",quartz3070,107455752,23:56:53 21/04/2021 UTC,23:58:02 21/04/2021 UTC,Driverless Perf per-process sampling,Intel(R) Xeon(R) Processor code named Broadwell,2095148013,72,0.0,7.419186,0.0,0.412823,3108096748.655706,10.5% (3.774 out of 36),5.2% (3.777 out of 72),9.3,5.5,0.0,0.0,0.0,0.0,0.0,0.0,0.0,100.0,33.8,0.0,66.2,1.110660,2.626225,,Metric Value
36,50,20.983911,0.0,43.9% (31.610 out of 72 logical CPUs),20.015107,1.636s (7.8%),19.348s (92.2%),18.249s (87.0%),1.099s (5.2%),36,0s (0.0% of CPU Time),25.388s (100.0% of Wait Time),8.220s (1.3% of CPU Time),"lavaMD ""-cores"" ""36"" ""-boxes1d"" ""50""","3.10.0-1160.15.2.1chaos.ch6.x86_64 NAME=""Red Hat Enterprise Linux Server"" VERSION=""7.9 (Maipo)"" ID=""rhel"" ID_LIKE=""fedora"" VARIANT=""Server"" VARIANT_ID=""server"" VERSION_ID=""7.9"" PRETTY_NAME=""Red Hat Enterprise Linux Server 7.9 (Maipo)"" ANSI_COLOR=""0;31"" CPE_NAME=""cpe:/o:redhat:enterprise_linux:7.9:GA:server"" HOME_URL=""https://www.redhat.com/"" BUG_REPORT_URL=""https://bugzilla.redhat.com/""  REDHAT_BUGZILLA_PRODUCT=""Red Hat Enterprise Linux 7"" REDHAT_BUGZILLA_PRODUCT_VERSION=7.9 REDHAT_SUPPORT_PRODUCT=""Red Hat Enterprise Linux"" REDHAT_SUPPORT_PRODUCT_VERSION=""7.9""",quartz3070,230201723,23:59:13 21/04/2021 UTC,23:59:34 21/04/2021 UTC,Driverless Perf per-process sampling,Intel(R) Xeon(R) Processor code named Broadwell,2095148033,72,0.0,47.565085,0.0,0.436731,2598392739.116754,83.0% (29.880 out of 36),43.3% (31.176 out of 72),8.8,5.5,0.0,0.0,0.0,0.0,0.0,0.0,0.0,100.0,33.1,0.0,66.9,1.081472,2.569138,,Metric Value
18,50,37.878258,0.0,23.0% (16.583 out of 72 logical CPUs),37.568651,1.808s (4.8%),36.070s (95.2%),34.958s (92.3%),1.112s (2.9%),18,0s (0.0% of CPU Time),15.887s (100.0% of Wait Time),3.849s (0.6% of CPU Time),"lavaMD ""-cores"" ""18"" ""-boxes1d"" ""50""","3.10.0-1160.15.2.1chaos.ch6.x86_64 NAME=""Red Hat Enterprise Linux Server"" VERSION=""7.9 (Maipo)"" ID=""rhel"" ID_LIKE=""fedora"" VARIANT=""Server"" VARIANT_ID=""server"" VERSION_ID=""7.9"" PRETTY_NAME=""Red Hat Enterprise Linux Server 7.9 (Maipo)"" ANSI_COLOR=""0;31"" CPE_NAME=""cpe:/o:redhat:enterprise_linux:7.9:GA:server"" HOME_URL=""https://www.redhat.com/"" BUG_REPORT_URL=""https://bugzilla.redhat.com/""  REDHAT_BUGZILLA_PRODUCT=""Red Hat Enterprise Linux 7"" REDHAT_BUGZILLA_PRODUCT_VERSION=7.9 REDHAT_SUPPORT_PRODUCT=""Red Hat Enterprise Linux"" REDHAT_SUPPORT_PRODUCT_VERSION=""7.9""",quartz3070,214962096,00:01:16 22/04/2021 UTC,00:01:54 22/04/2021 UTC,Driverless Perf per-process sampling,Intel(R) Xeon(R) Processor code named Broadwell,2095148016,72,0.0,26.937129,0.0,0.418063,2599817733.353812,45.9% (16.528 out of 36),23.0% (16.556 out of 72),9.6,5.8,0.0,0.0,0.0,0.0,0.0,0.0,0.0,100.0,33.8,0.0,66.2,1.110002,2.619047,,Metric Value
9,50,68.355048,0.0,12.0% (8.676 out of 72 logical CPUs),66.232956,1.550s (2.3%),66.805s (97.7%),64.434s (94.3%),2.371s (3.5%),9,0s (0.0% of CPU Time),8.969s (100.0% of Wait Time),1.920s (0.3% of CPU Time),"lavaMD ""-cores"" ""9"" ""-boxes1d"" ""50""","3.10.0-1160.15.2.1chaos.ch6.x86_64 NAME=""Red Hat Enterprise Linux Server"" VERSION=""7.9 (Maipo)"" ID=""rhel"" ID_LIKE=""fedora"" VARIANT=""Server"" VARIANT_ID=""server"" VERSION_ID=""7.9"" PRETTY_NAME=""Red Hat Enterprise Linux Server 7.9 (Maipo)"" ANSI_COLOR=""0;31"" CPE_NAME=""cpe:/o:redhat:enterprise_linux:7.9:GA:server"" HOME_URL=""https://www.redhat.com/"" BUG_REPORT_URL=""https://bugzilla.redhat.com/""  REDHAT_BUGZILLA_PRODUCT=""Red Hat Enterprise Linux 7"" REDHAT_BUGZILLA_PRODUCT_VERSION=7.9 REDHAT_SUPPORT_PRODUCT=""Red Hat Enterprise Linux"" REDHAT_SUPPORT_PRODUCT_VERSION=""7.9""",quartz3070,214365147,00:04:09 22/04/2021 UTC,00:05:18 22/04/2021 UTC,Driverless Perf per-process sampling,Intel(R) Xeon(R) Processor code named Broadwell,2095148011,72,0.0,14.882171,0.0,0.416726,2851379436.001805,23.1% (8.309 out of 36),11.6% (8.342 out of 72),9.4,5.6,0.0,0.0,0.0,0.0,0.0,0.0,0.0,100.0,33.8,0.0,66.2,1.107666,2.619848,,Metric Value
4,50,140.910219,0.0,5.3% (3.820 out of 72 logical CPUs),137.892261,1.524s (1.1%),139.386s (98.9%),133.478s (94.7%),5.908s (4.2%),4,0s (0.0% of CPU Time),20.352s (100.0% of Wait Time),0.750s (0.1% of CPU Time),"lavaMD ""-cores"" ""4"" ""-boxes1d"" ""50""","3.10.0-1160.15.2.1chaos.ch6.x86_64 NAME=""Red Hat Enterprise Linux Server"" VERSION=""7.9 (Maipo)"" ID=""rhel"" ID_LIKE=""fedora"" VARIANT=""Server"" VARIANT_ID=""server"" VERSION_ID=""7.9"" PRETTY_NAME=""Red Hat Enterprise Linux Server 7.9 (Maipo)"" ANSI_COLOR=""0;31"" CPE_NAME=""cpe:/o:redhat:enterprise_linux:7.9:GA:server"" HOME_URL=""https://www.redhat.com/"" BUG_REPORT_URL=""https://bugzilla.redhat.com/""  REDHAT_BUGZILLA_PRODUCT=""Red Hat Enterprise Linux 7"" REDHAT_BUGZILLA_PRODUCT_VERSION=7.9 REDHAT_SUPPORT_PRODUCT=""Red Hat Enterprise Linux"" REDHAT_SUPPORT_PRODUCT_VERSION=""7.9""",quartz3070,206075750,00:08:36 22/04/2021 UTC,00:10:57 22/04/2021 UTC,Driverless Perf per-process sampling,Intel(R) Xeon(R) Processor code named Broadwell,2095148004,72,0.0,7.250585,0.0,0.412675,3072489055.955171,10.3% (3.715 out of 36),5.2% (3.721 out of 72),9.3,5.5,0.0,0.0,0.0,0.0,0.0,0.0,0.0,100.0,34.0,0.0,66.0,1.115896,2.629103,,Metric Value
36,60,34.358148,0.0,45.5% (32.781 out of 72 logical CPUs),33.308396,2.318s (6.7%),32.040s (93.3%),31.109s (90.5%),0.931s (2.7%),36,0s (0.0% of CPU Time),22.996s (100.0% of Wait Time),7.709s (0.7% of CPU Time),"lavaMD ""-cores"" ""36"" ""-boxes1d"" ""60""","3.10.0-1160.15.2.1chaos.ch6.x86_64 NAME=""Red Hat Enterprise Linux Server"" VERSION=""7.9 (Maipo)"" ID=""rhel"" ID_LIKE=""fedora"" VARIANT=""Server"" VARIANT_ID=""server"" VERSION_ID=""7.9"" PRETTY_NAME=""Red Hat Enterprise Linux Server 7.9 (Maipo)"" ANSI_COLOR=""0;31"" CPE_NAME=""cpe:/o:redhat:enterprise_linux:7.9:GA:server"" HOME_URL=""https://www.redhat.com/"" BUG_REPORT_URL=""https://bugzilla.redhat.com/""  REDHAT_BUGZILLA_PRODUCT=""Red Hat Enterprise Linux 7"" REDHAT_BUGZILLA_PRODUCT_VERSION=7.9 REDHAT_SUPPORT_PRODUCT=""Red Hat Enterprise Linux"" REDHAT_SUPPORT_PRODUCT_VERSION=""7.9""",quartz3070,386153803,00:12:22 22/04/2021 UTC,00:12:56 22/04/2021 UTC,Driverless Perf per-process sampling,Intel(R) Xeon(R) Processor code named Broadwell,2095147997,72,0.0,51.155628,0.0,0.427002,2596919512.536748,88.2% (31.751 out of 36),45.1% (32.453 out of 72),9.1,5.6,0.0,0.0,0.0,0.0,0.0,0.0,0.0,100.0,33.5,0.0,66.5,1.098637,2.595849,,Metric Value
18,60,63.921365,0.0,23.7% (17.055 out of 72 logical CPUs),63.434095,2.192s (3.4%),61.729s (96.6%),60.436s (94.5%),1.294s (2.0%),18,0s (0.0% of CPU Time),20.096s (100.0% of Wait Time),3.880s (0.4% of CPU Time),"lavaMD ""-cores"" ""18"" ""-boxes1d"" ""60""","3.10.0-1160.15.2.1chaos.ch6.x86_64 NAME=""Red Hat Enterprise Linux Server"" VERSION=""7.9 (Maipo)"" ID=""rhel"" ID_LIKE=""fedora"" VARIANT=""Server"" VARIANT_ID=""server"" VERSION_ID=""7.9"" PRETTY_NAME=""Red Hat Enterprise Linux Server 7.9 (Maipo)"" ANSI_COLOR=""0;31"" CPE_NAME=""cpe:/o:redhat:enterprise_linux:7.9:GA:server"" HOME_URL=""https://www.redhat.com/"" BUG_REPORT_URL=""https://bugzilla.redhat.com/""  REDHAT_BUGZILLA_PRODUCT=""Red Hat Enterprise Linux 7"" REDHAT_BUGZILLA_PRODUCT_VERSION=7.9 REDHAT_SUPPORT_PRODUCT=""Red Hat Enterprise Linux"" REDHAT_SUPPORT_PRODUCT_VERSION=""7.9""",quartz3070,367757151,00:15:07 22/04/2021 UTC,00:16:11 22/04/2021 UTC,Driverless Perf per-process sampling,Intel(R) Xeon(R) Processor code named Broadwell,2095148009,72,0.0,27.773854,0.0,0.414755,2598619486.998220,47.0% (16.933 out of 36),23.5% (16.949 out of 72),9.3,5.5,0.1,0.0,0.0,0.0,0.0,0.0,0.0,100.0,33.9,0.0,66.1,1.111903,2.622018,,Metric Value
9,60,115.694789,0.0,11.8% (8.483 out of 72 logical CPUs),118.829080,2.293s (2.0%),113.402s (98.0%),111.892s (96.7%),1.510s (1.3%),9,0s (0.0% of CPU Time),38.087s (100.0% of Wait Time),2.640s (0.3% of CPU Time),"lavaMD ""-cores"" ""9"" ""-boxes1d"" ""60""","3.10.0-1160.15.2.1chaos.ch6.x86_64 NAME=""Red Hat Enterprise Linux Server"" VERSION=""7.9 (Maipo)"" ID=""rhel"" ID_LIKE=""fedora"" VARIANT=""Server"" VARIANT_ID=""server"" VERSION_ID=""7.9"" PRETTY_NAME=""Red Hat Enterprise Linux Server 7.9 (Maipo)"" ANSI_COLOR=""0;31"" CPE_NAME=""cpe:/o:redhat:enterprise_linux:7.9:GA:server"" HOME_URL=""https://www.redhat.com/"" BUG_REPORT_URL=""https://bugzilla.redhat.com/""  REDHAT_BUGZILLA_PRODUCT=""Red Hat Enterprise Linux 7"" REDHAT_BUGZILLA_PRODUCT_VERSION=7.9 REDHAT_SUPPORT_PRODUCT=""Red Hat Enterprise Linux"" REDHAT_SUPPORT_PRODUCT_VERSION=""7.9""",quartz3070,365959762,00:19:12 22/04/2021 UTC,00:21:08 22/04/2021 UTC,Driverless Perf per-process sampling,Intel(R) Xeon(R) Processor code named Broadwell,2095148007,72,0.0,15.329495,0.0,0.414587,2843632187.148694,23.7% (8.522 out of 36),11.9% (8.557 out of 72),9.3,5.5,0.1,0.0,0.0,0.0,0.0,0.0,0.0,100.0,33.9,0.0,66.1,1.111575,2.627690,,Metric Value
4,60,238.215940,0.0,5.4% (3.861 out of 72 logical CPUs),237.285284,2.220s (0.9%),235.996s (99.1%),230.543s (96.8%),5.452s (2.3%),4,0s (0.0% of CPU Time),26.051s (100.0% of Wait Time),0.782s (0.1% of CPU Time),"lavaMD ""-cores"" ""4"" ""-boxes1d"" ""60""","3.10.0-1160.15.2.1chaos.ch6.x86_64 NAME=""Red Hat Enterprise Linux Server"" VERSION=""7.9 (Maipo)"" ID=""rhel"" ID_LIKE=""fedora"" VARIANT=""Server"" VARIANT_ID=""server"" VERSION_ID=""7.9"" PRETTY_NAME=""Red Hat Enterprise Linux Server 7.9 (Maipo)"" ANSI_COLOR=""0;31"" CPE_NAME=""cpe:/o:redhat:enterprise_linux:7.9:GA:server"" HOME_URL=""https://www.redhat.com/"" BUG_REPORT_URL=""https://bugzilla.redhat.com/""  REDHAT_BUGZILLA_PRODUCT=""Red Hat Enterprise Linux 7"" REDHAT_BUGZILLA_PRODUCT_VERSION=7.9 REDHAT_SUPPORT_PRODUCT=""Red Hat Enterprise Linux"" REDHAT_SUPPORT_PRODUCT_VERSION=""7.9""",quartz3070,361862308,00:26:09 22/04/2021 UTC,00:30:07 22/04/2021 UTC,Driverless Perf per-process sampling,Intel(R) Xeon(R) Processor code named Broadwell,2095147999,72,0.0,7.448883,0.0,0.412435,3094316083.735887,10.6% (3.798 out of 36),5.3% (3.801 out of 72),9.4,5.4,0.1,0.0,0.0,0.0,0.0,0.0,0.0,100.0,33.9,0.0,66.1,1.112176,2.628462,,Metric Value
36,70,55.784657,0.0,36.2% (26.094 out of 72 logical CPUs),67.047800,4.007s (7.2%),51.778s (92.8%),49.227s (88.2%),2.551s (4.6%),36,0s (0.0% of CPU Time),534.118s (100.0% of Wait Time),8.290s (0.5% of CPU Time),"lavaMD ""-cores"" ""36"" ""-boxes1d"" ""70""","3.10.0-1160.15.2.1chaos.ch6.x86_64 NAME=""Red Hat Enterprise Linux Server"" VERSION=""7.9 (Maipo)"" ID=""rhel"" ID_LIKE=""fedora"" VARIANT=""Server"" VARIANT_ID=""server"" VERSION_ID=""7.9"" PRETTY_NAME=""Red Hat Enterprise Linux Server 7.9 (Maipo)"" ANSI_COLOR=""0;31"" CPE_NAME=""cpe:/o:redhat:enterprise_linux:7.9:GA:server"" HOME_URL=""https://www.redhat.com/"" BUG_REPORT_URL=""https://bugzilla.redhat.com/""  REDHAT_BUGZILLA_PRODUCT=""Red Hat Enterprise Linux 7"" REDHAT_BUGZILLA_PRODUCT_VERSION=7.9 REDHAT_SUPPORT_PRODUCT=""Red Hat Enterprise Linux"" REDHAT_SUPPORT_PRODUCT_VERSION=""7.9""",quartz3070,519701948,00:32:18 22/04/2021 UTC,00:33:14 22/04/2021 UTC,Driverless Perf per-process sampling,Intel(R) Xeon(R) Processor code named Broadwell,2095148012,72,0.0,50.376830,0.0,0.423293,2597790751.124131,87.0% (31.320 out of 36),43.9% (31.633 out of 72),9.5,5.7,0.1,0.0,0.0,0.0,0.0,0.0,0.0,100.0,33.6,0.0,66.4,1.103513,2.600016,,Metric Value
18,70,101.357714,0.0,23.7% (17.099 out of 72 logical CPUs),100.848046,3.373s (3.3%),97.985s (96.7%),96.340s (95.0%),1.645s (1.6%),18,0s (0.0% of CPU Time),32.491s (100.0% of Wait Time),4.640s (0.3% of CPU Time),"lavaMD ""-cores"" ""18"" ""-boxes1d"" ""70""","3.10.0-1160.15.2.1chaos.ch6.x86_64 NAME=""Red Hat Enterprise Linux Server"" VERSION=""7.9 (Maipo)"" ID=""rhel"" ID_LIKE=""fedora"" VARIANT=""Server"" VARIANT_ID=""server"" VERSION_ID=""7.9"" PRETTY_NAME=""Red Hat Enterprise Linux Server 7.9 (Maipo)"" ANSI_COLOR=""0;31"" CPE_NAME=""cpe:/o:redhat:enterprise_linux:7.9:GA:server"" HOME_URL=""https://www.redhat.com/"" BUG_REPORT_URL=""https://bugzilla.redhat.com/""  REDHAT_BUGZILLA_PRODUCT=""Red Hat Enterprise Linux 7"" REDHAT_BUGZILLA_PRODUCT_VERSION=7.9 REDHAT_SUPPORT_PRODUCT=""Red Hat Enterprise Linux"" REDHAT_SUPPORT_PRODUCT_VERSION=""7.9""",quartz3070,495560157,00:36:10 22/04/2021 UTC,00:37:51 22/04/2021 UTC,Driverless Perf per-process sampling,Intel(R) Xeon(R) Processor code named Broadwell,2095148005,72,0.0,27.969398,0.0,0.413936,2597699270.469788,47.3% (17.024 out of 36),23.7% (17.036 out of 72),9.3,5.6,0.0,0.0,0.0,0.0,0.0,0.0,0.0,100.0,33.9,0.0,66.1,1.115137,2.629817,,Metric Value
9,70,185.879969,0.0,12.0% (8.653 out of 72 logical CPUs),184.754006,3.430s (1.8%),182.450s (98.2%),178.701s (96.1%),3.749s (2.0%),9,0s (0.0% of CPU Time),35.210s (100.0% of Wait Time),1.840s (0.1% of CPU Time),"lavaMD ""-cores"" ""9"" ""-boxes1d"" ""70""","3.10.0-1160.15.2.1chaos.ch6.x86_64 NAME=""Red Hat Enterprise Linux Server"" VERSION=""7.9 (Maipo)"" ID=""rhel"" ID_LIKE=""fedora"" VARIANT=""Server"" VARIANT_ID=""server"" VERSION_ID=""7.9"" PRETTY_NAME=""Red Hat Enterprise Linux Server 7.9 (Maipo)"" ANSI_COLOR=""0;31"" CPE_NAME=""cpe:/o:redhat:enterprise_linux:7.9:GA:server"" HOME_URL=""https://www.redhat.com/"" BUG_REPORT_URL=""https://bugzilla.redhat.com/""  REDHAT_BUGZILLA_PRODUCT=""Red Hat Enterprise Linux 7"" REDHAT_BUGZILLA_PRODUCT_VERSION=7.9 REDHAT_SUPPORT_PRODUCT=""Red Hat Enterprise Linux"" REDHAT_SUPPORT_PRODUCT_VERSION=""7.9""",quartz3070,498075260,00:42:13 22/04/2021 UTC,00:45:18 22/04/2021 UTC,Driverless Perf per-process sampling,Intel(R) Xeon(R) Processor code named Broadwell,2095148000,72,0.0,15.205803,0.0,0.413966,2828899851.046569,23.6% (8.508 out of 36),11.9% (8.534 out of 72),9.3,5.4,0.1,0.0,0.0,0.0,0.0,0.0,0.0,100.0,33.9,0.0,66.1,1.111898,2.619191,,Metric Value
4,70,382.807972,0.0,5.4% (3.871 out of 72 logical CPUs),379.858219,3.476s (0.9%),379.332s (99.1%),369.706s (96.6%),9.626s (2.5%),4,0s (0.0% of CPU Time),38.554s (100.0% of Wait Time),0.830s (0.1% of CPU Time),"lavaMD ""-cores"" ""4"" ""-boxes1d"" ""70""","3.10.0-1160.15.2.1chaos.ch6.x86_64 NAME=""Red Hat Enterprise Linux Server"" VERSION=""7.9 (Maipo)"" ID=""rhel"" ID_LIKE=""fedora"" VARIANT=""Server"" VARIANT_ID=""server"" VERSION_ID=""7.9"" PRETTY_NAME=""Red Hat Enterprise Linux Server 7.9 (Maipo)"" ANSI_COLOR=""0;31"" CPE_NAME=""cpe:/o:redhat:enterprise_linux:7.9:GA:server"" HOME_URL=""https://www.redhat.com/"" BUG_REPORT_URL=""https://bugzilla.redhat.com/""  REDHAT_BUGZILLA_PRODUCT=""Red Hat Enterprise Linux 7"" REDHAT_BUGZILLA_PRODUCT_VERSION=7.9 REDHAT_SUPPORT_PRODUCT=""Red Hat Enterprise Linux"" REDHAT_SUPPORT_PRODUCT_VERSION=""7.9""",quartz3070,479586280,00:52:48 22/04/2021 UTC,00:59:11 22/04/2021 UTC,Driverless Perf per-process sampling,Intel(R) Xeon(R) Processor code named Broadwell,2095148002,72,0.0,7.411220,0.0,0.412177,3074912074.785199,10.5% (3.791 out of 36),5.3% (3.795 out of 72),9.3,5.5,0.1,0.0,0.0,0.0,0.0,0.0,0.0,100.0,34.0,0.0,66.0,1.115785,2.630053,,Metric Value
36,80,81.161171,0.0,45.8% (32.950 out of 72 logical CPUs),79.204132,5.287s (6.5%),75.874s (93.5%),73.709s (90.8%),2.166s (2.7%),36,0s (0.0% of CPU Time),68.087s (100.0% of Wait Time),8.650s (0.3% of CPU Time),"lavaMD ""-cores"" ""36"" ""-boxes1d"" ""80""","3.10.0-1160.15.2.1chaos.ch6.x86_64 NAME=""Red Hat Enterprise Linux Server"" VERSION=""7.9 (Maipo)"" ID=""rhel"" ID_LIKE=""fedora"" VARIANT=""Server"" VARIANT_ID=""server"" VERSION_ID=""7.9"" PRETTY_NAME=""Red Hat Enterprise Linux Server 7.9 (Maipo)"" ANSI_COLOR=""0;31"" CPE_NAME=""cpe:/o:redhat:enterprise_linux:7.9:GA:server"" HOME_URL=""https://www.redhat.com/"" BUG_REPORT_URL=""https://bugzilla.redhat.com/""  REDHAT_BUGZILLA_PRODUCT=""Red Hat Enterprise Linux 7"" REDHAT_BUGZILLA_PRODUCT_VERSION=7.9 REDHAT_SUPPORT_PRODUCT=""Red Hat Enterprise Linux"" REDHAT_SUPPORT_PRODUCT_VERSION=""7.9""",quartz3070,580027622,01:01:45 22/04/2021 UTC,01:03:06 22/04/2021 UTC,Driverless Perf per-process sampling,Intel(R) Xeon(R) Processor code named Broadwell,2095148010,72,0.0,52.099745,0.0,0.422374,2595896597.672093,89.3% (32.146 out of 36),45.2% (32.547 out of 72),9.4,5.6,0.1,0.0,0.0,0.0,0.0,0.0,0.0,100.0,33.8,0.0,66.2,1.107967,2.613083,,Metric Value
18,80,151.284922,0.0,23.9% (17.211 out of 72 logical CPUs),150.075480,5.121s (3.4%),146.164s (96.6%),144.295s (95.4%),1.869s (1.2%),18,0s (0.0% of CPU Time),35.640s (100.0% of Wait Time),4.390s (0.2% of CPU Time),"lavaMD ""-cores"" ""18"" ""-boxes1d"" ""80""","3.10.0-1160.15.2.1chaos.ch6.x86_64 NAME=""Red Hat Enterprise Linux Server"" VERSION=""7.9 (Maipo)"" ID=""rhel"" ID_LIKE=""fedora"" VARIANT=""Server"" VARIANT_ID=""server"" VERSION_ID=""7.9"" PRETTY_NAME=""Red Hat Enterprise Linux Server 7.9 (Maipo)"" ANSI_COLOR=""0;31"" CPE_NAME=""cpe:/o:redhat:enterprise_linux:7.9:GA:server"" HOME_URL=""https://www.redhat.com/"" BUG_REPORT_URL=""https://bugzilla.redhat.com/""  REDHAT_BUGZILLA_PRODUCT=""Red Hat Enterprise Linux 7"" REDHAT_BUGZILLA_PRODUCT_VERSION=7.9 REDHAT_SUPPORT_PRODUCT=""Red Hat Enterprise Linux"" REDHAT_SUPPORT_PRODUCT_VERSION=""7.9""",quartz3070,566231092,01:06:56 22/04/2021 UTC,01:09:28 22/04/2021 UTC,Driverless Perf per-process sampling,Intel(R) Xeon(R) Processor code named Broadwell,2095147998,72,0.0,28.061662,0.0,0.413394,2595830713.231745,47.5% (17.094 out of 36),23.7% (17.094 out of 72),9.3,5.5,0.0,0.0,0.0,0.0,0.0,0.0,0.0,100.0,34.0,0.0,66.0,1.114124,2.629201,,Metric Value
9,80,278.627097,0.0,12.0% (8.649 out of 72 logical CPUs),275.151971,4.911s (1.8%),273.716s (98.2%),267.773s (96.1%),5.943s (2.1%),9,0s (0.0% of CPU Time),57.712s (100.0% of Wait Time),2.430s (0.1% of CPU Time),"lavaMD ""-cores"" ""9"" ""-boxes1d"" ""80""","3.10.0-1160.15.2.1chaos.ch6.x86_64 NAME=""Red Hat Enterprise Linux Server"" VERSION=""7.9 (Maipo)"" ID=""rhel"" ID_LIKE=""fedora"" VARIANT=""Server"" VARIANT_ID=""server"" VERSION_ID=""7.9"" PRETTY_NAME=""Red Hat Enterprise Linux Server 7.9 (Maipo)"" ANSI_COLOR=""0;31"" CPE_NAME=""cpe:/o:redhat:enterprise_linux:7.9:GA:server"" HOME_URL=""https://www.redhat.com/"" BUG_REPORT_URL=""https://bugzilla.redhat.com/""  REDHAT_BUGZILLA_PRODUCT=""Red Hat Enterprise Linux 7"" REDHAT_BUGZILLA_PRODUCT_VERSION=7.9 REDHAT_SUPPORT_PRODUCT=""Red Hat Enterprise Linux"" REDHAT_SUPPORT_PRODUCT_VERSION=""7.9""",quartz3070,601883696,01:15:21 22/04/2021 UTC,01:20:00 22/04/2021 UTC,Driverless Perf per-process sampling,Intel(R) Xeon(R) Processor code named Broadwell,2095148000,72,0.0,15.218751,0.0,0.414092,2833066681.823649,23.6% (8.483 out of 36),11.8% (8.519 out of 72),9.3,5.5,0.1,0.0,0.0,0.0,0.0,0.0,0.0,100.0,33.9,0.0,66.1,1.112819,2.627981,,Metric Value
4,80,568.860030,0.0,5.3% (3.851 out of 72 logical CPUs),566.504086,4.861s (0.9%),563.999s (99.1%),550.563s (96.8%),13.436s (2.4%),4,0s (0.0% of CPU Time),69.690s (100.0% of Wait Time),0.732s (0.0% of CPU Time),"lavaMD ""-cores"" ""4"" ""-boxes1d"" ""80""","3.10.0-1160.15.2.1chaos.ch6.x86_64 NAME=""Red Hat Enterprise Linux Server"" VERSION=""7.9 (Maipo)"" ID=""rhel"" ID_LIKE=""fedora"" VARIANT=""Server"" VARIANT_ID=""server"" VERSION_ID=""7.9"" PRETTY_NAME=""Red Hat Enterprise Linux Server 7.9 (Maipo)"" ANSI_COLOR=""0;31"" CPE_NAME=""cpe:/o:redhat:enterprise_linux:7.9:GA:server"" HOME_URL=""https://www.redhat.com/"" BUG_REPORT_URL=""https://bugzilla.redhat.com/""  REDHAT_BUGZILLA_PRODUCT=""Red Hat Enterprise Linux 7"" REDHAT_BUGZILLA_PRODUCT_VERSION=7.9 REDHAT_SUPPORT_PRODUCT=""Red Hat Enterprise Linux"" REDHAT_SUPPORT_PRODUCT_VERSION=""7.9""",quartz3070,579711367,01:30:45 22/04/2021 UTC,01:40:14 22/04/2021 UTC,Driverless Perf per-process sampling,Intel(R) Xeon(R) Processor code named Broadwell,2095148001,72,0.0,7.475488,0.0,0.412009,3095555772.035562,10.5% (3.798 out of 36),5.3% (3.800 out of 72),9.4,5.4,0.1,100.0,0.0,0.0,0.0,0.0,0.0,100.0,34.1,0.0,65.9,1.117214,2.630661,,Metric Value
36,90,115.157543,0.0,45.9% (33.077 out of 72 logical CPUs),112.683247,7.610s (6.6%),107.547s (93.4%),104.958s (91.1%),2.589s (2.2%),36,0s (0.0% of CPU Time),95.546s (100.0% of Wait Time),9.380s (0.3% of CPU Time),"lavaMD ""-cores"" ""36"" ""-boxes1d"" ""90""","3.10.0-1160.15.2.1chaos.ch6.x86_64 NAME=""Red Hat Enterprise Linux Server"" VERSION=""7.9 (Maipo)"" ID=""rhel"" ID_LIKE=""fedora"" VARIANT=""Server"" VARIANT_ID=""server"" VERSION_ID=""7.9"" PRETTY_NAME=""Red Hat Enterprise Linux Server 7.9 (Maipo)"" ANSI_COLOR=""0;31"" CPE_NAME=""cpe:/o:redhat:enterprise_linux:7.9:GA:server"" HOME_URL=""https://www.redhat.com/"" BUG_REPORT_URL=""https://bugzilla.redhat.com/""  REDHAT_BUGZILLA_PRODUCT=""Red Hat Enterprise Linux 7"" REDHAT_BUGZILLA_PRODUCT_VERSION=7.9 REDHAT_SUPPORT_PRODUCT=""Red Hat Enterprise Linux"" REDHAT_SUPPORT_PRODUCT_VERSION=""7.9""",quartz3070,702332029,01:43:30 22/04/2021 UTC,01:45:25 22/04/2021 UTC,Driverless Perf per-process sampling,Intel(R) Xeon(R) Processor code named Broadwell,2095148008,72,0.0,52.433465,0.0,0.421124,2595810905.995777,89.8% (32.317 out of 36),45.4% (32.663 out of 72),9.4,5.6,0.1,0.0,0.0,0.0,0.0,0.0,0.0,100.0,33.8,0.0,66.2,1.108777,2.615704,,Metric Value
18,90,215.263944,0.0,22.0% (15.857 out of 72 logical CPUs),234.935348,6.918s (3.2%),208.345s (96.8%),206.094s (95.7%),2.251s (1.0%),18,0s (0.0% of CPU Time),386.267s (100.0% of Wait Time),4.260s (0.1% of CPU Time),"lavaMD ""-cores"" ""18"" ""-boxes1d"" ""90""","3.10.0-1160.15.2.1chaos.ch6.x86_64 NAME=""Red Hat Enterprise Linux Server"" VERSION=""7.9 (Maipo)"" ID=""rhel"" ID_LIKE=""fedora"" VARIANT=""Server"" VARIANT_ID=""server"" VERSION_ID=""7.9"" PRETTY_NAME=""Red Hat Enterprise Linux Server 7.9 (Maipo)"" ANSI_COLOR=""0;31"" CPE_NAME=""cpe:/o:redhat:enterprise_linux:7.9:GA:server"" HOME_URL=""https://www.redhat.com/"" BUG_REPORT_URL=""https://bugzilla.redhat.com/""  REDHAT_BUGZILLA_PRODUCT=""Red Hat Enterprise Linux 7"" REDHAT_BUGZILLA_PRODUCT_VERSION=7.9 REDHAT_SUPPORT_PRODUCT=""Red Hat Enterprise Linux"" REDHAT_SUPPORT_PRODUCT_VERSION=""7.9""",quartz3070,673648162,01:50:52 22/04/2021 UTC,01:54:27 22/04/2021 UTC,Driverless Perf per-process sampling,Intel(R) Xeon(R) Processor code named Broadwell,2095147998,72,0.0,28.178147,0.0,0.413627,2596962846.341033,47.6% (17.147 out of 36),23.8% (17.156 out of 72),9.4,5.5,0.1,0.0,0.0,0.0,0.0,0.0,0.0,100.0,34.0,0.0,66.0,1.115019,2.630976,,Metric Value
9,90,396.939735,0.0,12.0% (8.665 out of 72 logical CPUs),390.316103,7.544s (1.9%),389.396s (98.1%),381.128s (96.0%),8.268s (2.1%),9,0s (0.0% of CPU Time),77.413s (100.0% of Wait Time),2.090s (0.1% of CPU Time),"lavaMD ""-cores"" ""9"" ""-boxes1d"" ""90""","3.10.0-1160.15.2.1chaos.ch6.x86_64 NAME=""Red Hat Enterprise Linux Server"" VERSION=""7.9 (Maipo)"" ID=""rhel"" ID_LIKE=""fedora"" VARIANT=""Server"" VARIANT_ID=""server"" VERSION_ID=""7.9"" PRETTY_NAME=""Red Hat Enterprise Linux Server 7.9 (Maipo)"" ANSI_COLOR=""0;31"" CPE_NAME=""cpe:/o:redhat:enterprise_linux:7.9:GA:server"" HOME_URL=""https://www.redhat.com/"" BUG_REPORT_URL=""https://bugzilla.redhat.com/""  REDHAT_BUGZILLA_PRODUCT=""Red Hat Enterprise Linux 7"" REDHAT_BUGZILLA_PRODUCT_VERSION=7.9 REDHAT_SUPPORT_PRODUCT=""Red Hat Enterprise Linux"" REDHAT_SUPPORT_PRODUCT_VERSION=""7.9""",quartz3070,675613363,02:02:25 22/04/2021 UTC,02:09:02 22/04/2021 UTC,Driverless Perf per-process sampling,Intel(R) Xeon(R) Processor code named Broadwell,2095148000,72,0.0,15.253144,0.0,0.413766,2842090831.254080,23.6% (8.482 out of 36),11.8% (8.505 out of 72),9.3,5.5,0.0,0.0,0.0,0.0,0.0,0.0,0.0,100.0,33.9,0.0,66.1,1.112973,2.624076,,Metric Value
4,90,809.684253,0.0,5.3% (3.828 out of 72 logical CPUs),818.907098,7.946s (1.0%),801.739s (99.0%),778.550s (96.2%),23.188s (2.9%),4,0s (0.0% of CPU Time),120.606s (100.0% of Wait Time),0.841s (0.0% of CPU Time),"lavaMD ""-cores"" ""4"" ""-boxes1d"" ""90""","3.10.0-1160.15.2.1chaos.ch6.x86_64 NAME=""Red Hat Enterprise Linux Server"" VERSION=""7.9 (Maipo)"" ID=""rhel"" ID_LIKE=""fedora"" VARIANT=""Server"" VARIANT_ID=""server"" VERSION_ID=""7.9"" PRETTY_NAME=""Red Hat Enterprise Linux Server 7.9 (Maipo)"" ANSI_COLOR=""0;31"" CPE_NAME=""cpe:/o:redhat:enterprise_linux:7.9:GA:server"" HOME_URL=""https://www.redhat.com/"" BUG_REPORT_URL=""https://bugzilla.redhat.com/""  REDHAT_BUGZILLA_PRODUCT=""Red Hat Enterprise Linux 7"" REDHAT_BUGZILLA_PRODUCT_VERSION=7.9 REDHAT_SUPPORT_PRODUCT=""Red Hat Enterprise Linux"" REDHAT_SUPPORT_PRODUCT_VERSION=""7.9""",quartz3070,647316777,02:24:10 22/04/2021 UTC,02:37:40 22/04/2021 UTC,Driverless Perf per-process sampling,Intel(R) Xeon(R) Processor code named Broadwell,2095148001,72,0.0,7.494488,0.0,0.411757,3121855443.130740,10.5% (3.776 out of 36),5.2% (3.777 out of 72),9.3,5.4,0.1,100.0,0.0,0.0,0.0,0.0,0.0,100.0,34.0,0.0,66.0,1.117177,2.630110,,Metric Value
36,100,156.700064,0.0,46.1% (33.218 out of 72 logical CPUs),154.100819,9.737s (6.2%),146.963s (93.8%),143.304s (91.5%),3.658s (2.3%),36,0s (0.0% of CPU Time),111.255s (100.0% of Wait Time),9.180s (0.2% of CPU Time),"lavaMD ""-cores"" ""36"" ""-boxes1d"" ""100""","3.10.0-1160.15.2.1chaos.ch6.x86_64 NAME=""Red Hat Enterprise Linux Server"" VERSION=""7.9 (Maipo)"" ID=""rhel"" ID_LIKE=""fedora"" VARIANT=""Server"" VARIANT_ID=""server"" VERSION_ID=""7.9"" PRETTY_NAME=""Red Hat Enterprise Linux Server 7.9 (Maipo)"" ANSI_COLOR=""0;31"" CPE_NAME=""cpe:/o:redhat:enterprise_linux:7.9:GA:server"" HOME_URL=""https://www.redhat.com/"" BUG_REPORT_URL=""https://bugzilla.redhat.com/""  REDHAT_BUGZILLA_PRODUCT=""Red Hat Enterprise Linux 7"" REDHAT_BUGZILLA_PRODUCT_VERSION=7.9 REDHAT_SUPPORT_PRODUCT=""Red Hat Enterprise Linux"" REDHAT_SUPPORT_PRODUCT_VERSION=""7.9""",quartz3070,740507176,02:41:45 22/04/2021 UTC,02:44:22 22/04/2021 UTC,Driverless Perf per-process sampling,Intel(R) Xeon(R) Processor code named Broadwell,2095148000,72,0.0,53.134519,0.0,0.418195,2596150202.727746,90.7% (32.643 out of 36),45.5% (32.776 out of 72),9.5,5.6,0.1,0.0,0.0,0.0,0.0,0.0,0.0,100.0,33.9,0.0,66.1,1.112671,2.622927,,Metric Value
18,100,297.016049,0.0,23.8% (17.131 out of 72 logical CPUs),295.813844,10.578s (3.6%),286.438s (96.4%),283.464s (95.4%),2.974s (1.0%),18,0s (0.0% of CPU Time),95.546s (100.0% of Wait Time),4.110s (0.1% of CPU Time),"lavaMD ""-cores"" ""18"" ""-boxes1d"" ""100""","3.10.0-1160.15.2.1chaos.ch6.x86_64 NAME=""Red Hat Enterprise Linux Server"" VERSION=""7.9 (Maipo)"" ID=""rhel"" ID_LIKE=""fedora"" VARIANT=""Server"" VARIANT_ID=""server"" VERSION_ID=""7.9"" PRETTY_NAME=""Red Hat Enterprise Linux Server 7.9 (Maipo)"" ANSI_COLOR=""0;31"" CPE_NAME=""cpe:/o:redhat:enterprise_linux:7.9:GA:server"" HOME_URL=""https://www.redhat.com/"" BUG_REPORT_URL=""https://bugzilla.redhat.com/""  REDHAT_BUGZILLA_PRODUCT=""Red Hat Enterprise Linux 7"" REDHAT_BUGZILLA_PRODUCT_VERSION=7.9 REDHAT_SUPPORT_PRODUCT=""Red Hat Enterprise Linux"" REDHAT_SUPPORT_PRODUCT_VERSION=""7.9""",quartz3070,720168736,02:50:55 22/04/2021 UTC,02:55:52 22/04/2021 UTC,Driverless Perf per-process sampling,Intel(R) Xeon(R) Processor code named Broadwell,2095148003,72,0.0,28.070647,0.0,0.413510,2595123475.889903,47.5% (17.102 out of 36),23.8% (17.104 out of 72),9.4,5.5,0.1,0.0,0.0,0.0,0.0,0.0,0.0,100.0,34.0,0.0,66.0,1.115253,2.631365,,Metric Value
9,100,544.450875,0.0,12.1% (8.698 out of 72 logical CPUs),537.998429,9.982s (1.8%),534.469s (98.2%),525.339s (96.5%),9.129s (1.7%),9,0s (0.0% of CPU Time),90.930s (100.0% of Wait Time),1.870s (0.0% of CPU Time),"lavaMD ""-cores"" ""9"" ""-boxes1d"" ""100""","3.10.0-1160.15.2.1chaos.ch6.x86_64 NAME=""Red Hat Enterprise Linux Server"" VERSION=""7.9 (Maipo)"" ID=""rhel"" ID_LIKE=""fedora"" VARIANT=""Server"" VARIANT_ID=""server"" VERSION_ID=""7.9"" PRETTY_NAME=""Red Hat Enterprise Linux Server 7.9 (Maipo)"" ANSI_COLOR=""0;31"" CPE_NAME=""cpe:/o:redhat:enterprise_linux:7.9:GA:server"" HOME_URL=""https://www.redhat.com/"" BUG_REPORT_URL=""https://bugzilla.redhat.com/""  REDHAT_BUGZILLA_PRODUCT=""Red Hat Enterprise Linux 7"" REDHAT_BUGZILLA_PRODUCT_VERSION=7.9 REDHAT_SUPPORT_PRODUCT=""Red Hat Enterprise Linux"" REDHAT_SUPPORT_PRODUCT_VERSION=""7.9""",quartz3070,751605906,03:06:26 22/04/2021 UTC,03:15:30 22/04/2021 UTC,Driverless Perf per-process sampling,Intel(R) Xeon(R) Processor code named Broadwell,2095147999,72,0.0,15.290824,0.0,0.413796,2835221124.342488,23.7% (8.520 out of 36),11.9% (8.547 out of 72),9.3,5.5,0.1,0.0,0.0,0.0,0.0,0.0,0.0,100.0,34.0,0.0,66.0,1.113475,2.625184,,Metric Value
4,100,1160.860682,0.0,5.0,1123.945037,10.692s (0.9%),1150.169s (99.1%),1114.547s (96.0%),35.622s (3.1%),4,0s (0.0% of CPU Time),133.504s (100.0% of Wait Time),0.650s (0.0% of CPU Time),"lavaMD ""-cores"" ""4"" ""-boxes1d"" ""100""","3.10.0-1160.15.2.1chaos.ch6.x86_64 NAME=""Red Hat Enterprise Linux Server"" VERSION=""7.9 (Maipo)"" ID=""rhel"" ID_LIKE=""fedora"" VARIANT=""Server"" VARIANT_ID=""server"" VERSION_ID=""7.9"" PRETTY_NAME=""Red Hat Enterprise Linux Server 7.9 (Maipo)"" ANSI_COLOR=""0;31"" CPE_NAME=""cpe:/o:redhat:enterprise_linux:7.9:GA:server"" HOME_URL=""https://www.redhat.com/"" BUG_REPORT_URL=""https://bugzilla.redhat.com/""  REDHAT_BUGZILLA_PRODUCT=""Red Hat Enterprise Linux 7"" REDHAT_BUGZILLA_PRODUCT_VERSION=7.9 REDHAT_SUPPORT_PRODUCT=""Red Hat Enterprise Linux"" REDHAT_SUPPORT_PRODUCT_VERSION=""7.9""",quartz1532,726694105,16:22:14 22/04/2021 UTC,16:41:35 22/04/2021 UTC,Driverless Perf per-process sampling,Intel(R) Xeon(R) Processor code named Broadwell,2095146999,72,0.0,7.181570,0.0,0.415994,3148603195.275568,,,9.8,5.5,0.3,52.0,0.0,0.0,0.0,0.0,0.0,100.0,34.0,0.0,66.0,1.115727,2.628956,3.630 out of 72,Metric Value
