threadcount,inputinfo,Elapsed Time,Paused Time,Effective CPU Utilization,Total Thread Count,Thread Oversubscription,Wait Time with poor CPU Utilization,Spin and Overhead Time,Application Command Line,Operating System,Computer Name,Result Size,Collection start time,Collection stop time,Collector Type,Name,Frequency,Logical CPU Count,SP GFLOPS,DP GFLOPS,x87 GFLOPS,CPI Rate,Average CPU Frequency,Effective Physical Core Utilization,Effective Logical Core Utilization,Memory Bound,Cache Bound,DRAM Bound,NUMA: % of Remote Accesses,Vectorization,SP FLOPs,Packed,128-bit,256-bit,Scalar,DP FLOPs,x87 FLOPs,Non-FP,FP Arith/Mem Rd Instr. Ratio,FP Arith/Mem Wr Instr. Ratio,Metric Name
36,256,0.103269,0.0,0.0% (0.000 out of 72 logical CPUs),1,0s (0.0% of CPU Time),0.003s (100.0% of Wait Time),0.040s (100.0% of CPU Time),"needle ""256"" ""10"" ""36""","3.10.0-1160.15.2.1chaos.ch6.x86_64 NAME=""Red Hat Enterprise Linux Server"" VERSION=""7.9 (Maipo)"" ID=""rhel"" ID_LIKE=""fedora"" VARIANT=""Server"" VARIANT_ID=""server"" VERSION_ID=""7.9"" PRETTY_NAME=""Red Hat Enterprise Linux Server 7.9 (Maipo)"" ANSI_COLOR=""0;31"" CPE_NAME=""cpe:/o:redhat:enterprise_linux:7.9:GA:server"" HOME_URL=""https://www.redhat.com/"" BUG_REPORT_URL=""https://bugzilla.redhat.com/""  REDHAT_BUGZILLA_PRODUCT=""Red Hat Enterprise Linux 7"" REDHAT_BUGZILLA_PRODUCT_VERSION=7.9 REDHAT_SUPPORT_PRODUCT=""Red Hat Enterprise Linux"" REDHAT_SUPPORT_PRODUCT_VERSION=""7.9""",quartz945,3522912,00:43:46 22/04/2021 UTC,00:43:46 22/04/2021 UTC,Driverless Perf per-process sampling,Intel(R) Xeon(R) Processor code named Broadwell,2095149079,72,0.0,0.0,0.0,0.875000,2933208710.600000,0.3% (0.121 out of 36),0.3% (0.243 out of 72),0.0,0.0,0.0,0.0,0.0,0.0,0.0,0.0,0.0,0.0,0.0,0.0,100.0,0.0,0.0,Metric Value
18,256,0.111801,0.0,0.0% (0.000 out of 72 logical CPUs),1,0s (0.0% of CPU Time),0.004s (100.0% of Wait Time),0.040s (100.0% of CPU Time),"needle ""256"" ""10"" ""18""","3.10.0-1160.15.2.1chaos.ch6.x86_64 NAME=""Red Hat Enterprise Linux Server"" VERSION=""7.9 (Maipo)"" ID=""rhel"" ID_LIKE=""fedora"" VARIANT=""Server"" VARIANT_ID=""server"" VERSION_ID=""7.9"" PRETTY_NAME=""Red Hat Enterprise Linux Server 7.9 (Maipo)"" ANSI_COLOR=""0;31"" CPE_NAME=""cpe:/o:redhat:enterprise_linux:7.9:GA:server"" HOME_URL=""https://www.redhat.com/"" BUG_REPORT_URL=""https://bugzilla.redhat.com/""  REDHAT_BUGZILLA_PRODUCT=""Red Hat Enterprise Linux 7"" REDHAT_BUGZILLA_PRODUCT_VERSION=7.9 REDHAT_SUPPORT_PRODUCT=""Red Hat Enterprise Linux"" REDHAT_SUPPORT_PRODUCT_VERSION=""7.9""",quartz945,3523986,00:44:14 22/04/2021 UTC,00:44:14 22/04/2021 UTC,Driverless Perf per-process sampling,Intel(R) Xeon(R) Processor code named Broadwell,2095147003,72,0.0,0.0,0.0,0.875000,2933205804.200000,0.3% (0.112 out of 36),0.3% (0.224 out of 72),0.0,0.0,0.0,0.0,0.0,0.0,0.0,0.0,0.0,0.0,0.0,0.0,0.0,0.0,0.0,Metric Value
9,256,0.632640,0.0,0.2% (0.111 out of 72 logical CPUs),1,0s (0.0% of CPU Time),0.003s (100.0% of Wait Time),0.030s (75.0% of CPU Time),"needle ""256"" ""10"" ""9""","3.10.0-1160.15.2.1chaos.ch6.x86_64 NAME=""Red Hat Enterprise Linux Server"" VERSION=""7.9 (Maipo)"" ID=""rhel"" ID_LIKE=""fedora"" VARIANT=""Server"" VARIANT_ID=""server"" VERSION_ID=""7.9"" PRETTY_NAME=""Red Hat Enterprise Linux Server 7.9 (Maipo)"" ANSI_COLOR=""0;31"" CPE_NAME=""cpe:/o:redhat:enterprise_linux:7.9:GA:server"" HOME_URL=""https://www.redhat.com/"" BUG_REPORT_URL=""https://bugzilla.redhat.com/""  REDHAT_BUGZILLA_PRODUCT=""Red Hat Enterprise Linux 7"" REDHAT_BUGZILLA_PRODUCT_VERSION=7.9 REDHAT_SUPPORT_PRODUCT=""Red Hat Enterprise Linux"" REDHAT_SUPPORT_PRODUCT_VERSION=""7.9""",quartz945,3528053,00:44:44 22/04/2021 UTC,00:44:44 22/04/2021 UTC,Driverless Perf per-process sampling,Intel(R) Xeon(R) Processor code named Broadwell,2095148668,72,0.0,0.0,0.0,1.125000,3142723002.000000,0.1% (0.020 out of 36),0.1% (0.040 out of 72),0.0,0.0,0.0,0.0,0.0,0.0,0.0,0.0,0.0,0.0,0.0,0.0,100.0,0.0,0.0,Metric Value
4,256,0.110816,0.0,0.0% (0.000 out of 72 logical CPUs),1,0s (0.0% of CPU Time),0.003s (100.0% of Wait Time),0.040s (100.0% of CPU Time),"needle ""256"" ""10"" ""4""","3.10.0-1160.15.2.1chaos.ch6.x86_64 NAME=""Red Hat Enterprise Linux Server"" VERSION=""7.9 (Maipo)"" ID=""rhel"" ID_LIKE=""fedora"" VARIANT=""Server"" VARIANT_ID=""server"" VERSION_ID=""7.9"" PRETTY_NAME=""Red Hat Enterprise Linux Server 7.9 (Maipo)"" ANSI_COLOR=""0;31"" CPE_NAME=""cpe:/o:redhat:enterprise_linux:7.9:GA:server"" HOME_URL=""https://www.redhat.com/"" BUG_REPORT_URL=""https://bugzilla.redhat.com/""  REDHAT_BUGZILLA_PRODUCT=""Red Hat Enterprise Linux 7"" REDHAT_BUGZILLA_PRODUCT_VERSION=7.9 REDHAT_SUPPORT_PRODUCT=""Red Hat Enterprise Linux"" REDHAT_SUPPORT_PRODUCT_VERSION=""7.9""",quartz945,3443608,00:45:10 22/04/2021 UTC,00:45:10 22/04/2021 UTC,Driverless Perf per-process sampling,Intel(R) Xeon(R) Processor code named Broadwell,2095147136,72,0.0,0.0,0.0,0.875000,2444338325.333333,0.4% (0.136 out of 36),0.4% (0.271 out of 72),-0.0,0.0,0.0,0.0,0.0,0.0,0.0,0.0,0.0,0.0,0.0,0.0,100.0,0.0,0.0,Metric Value
36,512,0.107297,0.0,0.0% (0.000 out of 72 logical CPUs),1,0s (0.0% of CPU Time),0.003s (100.0% of Wait Time),0.040s (100.0% of CPU Time),"needle ""512"" ""10"" ""36""","3.10.0-1160.15.2.1chaos.ch6.x86_64 NAME=""Red Hat Enterprise Linux Server"" VERSION=""7.9 (Maipo)"" ID=""rhel"" ID_LIKE=""fedora"" VARIANT=""Server"" VARIANT_ID=""server"" VERSION_ID=""7.9"" PRETTY_NAME=""Red Hat Enterprise Linux Server 7.9 (Maipo)"" ANSI_COLOR=""0;31"" CPE_NAME=""cpe:/o:redhat:enterprise_linux:7.9:GA:server"" HOME_URL=""https://www.redhat.com/"" BUG_REPORT_URL=""https://bugzilla.redhat.com/""  REDHAT_BUGZILLA_PRODUCT=""Red Hat Enterprise Linux 7"" REDHAT_BUGZILLA_PRODUCT_VERSION=7.9 REDHAT_SUPPORT_PRODUCT=""Red Hat Enterprise Linux"" REDHAT_SUPPORT_PRODUCT_VERSION=""7.9""",quartz945,3425547,00:45:37 22/04/2021 UTC,00:45:37 22/04/2021 UTC,Driverless Perf per-process sampling,Intel(R) Xeon(R) Processor code named Broadwell,2095147774,72,0.0,0.0,0.0,0.875000,2444339069.666667,0.4% (0.140 out of 36),0.4% (0.280 out of 72),-0.0,0.0,0.0,0.0,0.0,0.0,0.0,0.0,0.0,0.0,0.0,0.0,100.0,0.0,0.0,Metric Value
18,512,0.114734,0.0,0.0% (0.000 out of 72 logical CPUs),1,0s (0.0% of CPU Time),0.003s (100.0% of Wait Time),0.040s (100.0% of CPU Time),"needle ""512"" ""10"" ""18""","3.10.0-1160.15.2.1chaos.ch6.x86_64 NAME=""Red Hat Enterprise Linux Server"" VERSION=""7.9 (Maipo)"" ID=""rhel"" ID_LIKE=""fedora"" VARIANT=""Server"" VARIANT_ID=""server"" VERSION_ID=""7.9"" PRETTY_NAME=""Red Hat Enterprise Linux Server 7.9 (Maipo)"" ANSI_COLOR=""0;31"" CPE_NAME=""cpe:/o:redhat:enterprise_linux:7.9:GA:server"" HOME_URL=""https://www.redhat.com/"" BUG_REPORT_URL=""https://bugzilla.redhat.com/""  REDHAT_BUGZILLA_PRODUCT=""Red Hat Enterprise Linux 7"" REDHAT_BUGZILLA_PRODUCT_VERSION=7.9 REDHAT_SUPPORT_PRODUCT=""Red Hat Enterprise Linux"" REDHAT_SUPPORT_PRODUCT_VERSION=""7.9""",quartz945,3432989,00:46:04 22/04/2021 UTC,00:46:04 22/04/2021 UTC,Driverless Perf per-process sampling,Intel(R) Xeon(R) Processor code named Broadwell,2095147268,72,0.0,0.0,0.0,1.125000,3771265082.400000,0.3% (0.109 out of 36),0.3% (0.218 out of 72),0.0,0.0,0.0,0.0,0.0,0.0,0.0,0.0,0.0,0.0,0.0,0.0,100.0,0.0,0.0,Metric Value
9,512,0.100701,0.0,0.0% (0.000 out of 72 logical CPUs),1,0s (0.0% of CPU Time),0.003s (100.0% of Wait Time),0.040s (100.0% of CPU Time),"needle ""512"" ""10"" ""9""","3.10.0-1160.15.2.1chaos.ch6.x86_64 NAME=""Red Hat Enterprise Linux Server"" VERSION=""7.9 (Maipo)"" ID=""rhel"" ID_LIKE=""fedora"" VARIANT=""Server"" VARIANT_ID=""server"" VERSION_ID=""7.9"" PRETTY_NAME=""Red Hat Enterprise Linux Server 7.9 (Maipo)"" ANSI_COLOR=""0;31"" CPE_NAME=""cpe:/o:redhat:enterprise_linux:7.9:GA:server"" HOME_URL=""https://www.redhat.com/"" BUG_REPORT_URL=""https://bugzilla.redhat.com/""  REDHAT_BUGZILLA_PRODUCT=""Red Hat Enterprise Linux 7"" REDHAT_BUGZILLA_PRODUCT_VERSION=7.9 REDHAT_SUPPORT_PRODUCT=""Red Hat Enterprise Linux"" REDHAT_SUPPORT_PRODUCT_VERSION=""7.9""",quartz945,3575445,00:46:31 22/04/2021 UTC,00:46:32 22/04/2021 UTC,Driverless Perf per-process sampling,Intel(R) Xeon(R) Processor code named Broadwell,2095147482,72,0.0,0.0,0.0,1.000000,2793529976.000000,0.4% (0.149 out of 36),0.4% (0.299 out of 72),-0.0,0.0,0.0,0.0,0.0,0.0,0.0,0.0,0.0,0.0,0.0,0.0,100.0,0.0,0.0,Metric Value
4,512,0.108527,0.0,0.0% (0.000 out of 72 logical CPUs),1,0s (0.0% of CPU Time),0.002s (100.0% of Wait Time),0.040s (100.0% of CPU Time),"needle ""512"" ""10"" ""4""","3.10.0-1160.15.2.1chaos.ch6.x86_64 NAME=""Red Hat Enterprise Linux Server"" VERSION=""7.9 (Maipo)"" ID=""rhel"" ID_LIKE=""fedora"" VARIANT=""Server"" VARIANT_ID=""server"" VERSION_ID=""7.9"" PRETTY_NAME=""Red Hat Enterprise Linux Server 7.9 (Maipo)"" ANSI_COLOR=""0;31"" CPE_NAME=""cpe:/o:redhat:enterprise_linux:7.9:GA:server"" HOME_URL=""https://www.redhat.com/"" BUG_REPORT_URL=""https://bugzilla.redhat.com/""  REDHAT_BUGZILLA_PRODUCT=""Red Hat Enterprise Linux 7"" REDHAT_BUGZILLA_PRODUCT_VERSION=7.9 REDHAT_SUPPORT_PRODUCT=""Red Hat Enterprise Linux"" REDHAT_SUPPORT_PRODUCT_VERSION=""7.9""",quartz945,3451570,00:46:58 22/04/2021 UTC,00:46:58 22/04/2021 UTC,Driverless Perf per-process sampling,Intel(R) Xeon(R) Processor code named Broadwell,2095149528,72,0.0,0.0,0.0,0.875000,2444341116.000000,0.4% (0.139 out of 36),0.4% (0.277 out of 72),-0.0,0.0,0.0,0.0,0.0,0.0,0.0,0.0,0.0,0.0,0.0,0.0,100.0,0.0,0.0,Metric Value
36,1024,0.129463,0.0,0.0% (0.000 out of 72 logical CPUs),1,0s (0.0% of CPU Time),0.003s (100.0% of Wait Time),0.050s (100.0% of CPU Time),"needle ""1024"" ""10"" ""36""","3.10.0-1160.15.2.1chaos.ch6.x86_64 NAME=""Red Hat Enterprise Linux Server"" VERSION=""7.9 (Maipo)"" ID=""rhel"" ID_LIKE=""fedora"" VARIANT=""Server"" VARIANT_ID=""server"" VERSION_ID=""7.9"" PRETTY_NAME=""Red Hat Enterprise Linux Server 7.9 (Maipo)"" ANSI_COLOR=""0;31"" CPE_NAME=""cpe:/o:redhat:enterprise_linux:7.9:GA:server"" HOME_URL=""https://www.redhat.com/"" BUG_REPORT_URL=""https://bugzilla.redhat.com/""  REDHAT_BUGZILLA_PRODUCT=""Red Hat Enterprise Linux 7"" REDHAT_BUGZILLA_PRODUCT_VERSION=7.9 REDHAT_SUPPORT_PRODUCT=""Red Hat Enterprise Linux"" REDHAT_SUPPORT_PRODUCT_VERSION=""7.9""",quartz945,3455883,00:47:25 22/04/2021 UTC,00:47:26 22/04/2021 UTC,Driverless Perf per-process sampling,Intel(R) Xeon(R) Processor code named Broadwell,2095147505,72,0.0,0.0,0.0,1.000000,2618934381.250000,0.4% (0.155 out of 36),0.4% (0.310 out of 72),0.0,0.0,0.0,0.0,0.0,0.0,0.0,0.0,0.0,0.0,0.0,0.0,100.0,0.0,0.0,Metric Value
18,1024,0.138920,0.0,0.0% (0.000 out of 72 logical CPUs),1,0s (0.0% of CPU Time),0.003s (100.0% of Wait Time),0.050s (100.0% of CPU Time),"needle ""1024"" ""10"" ""18""","3.10.0-1160.15.2.1chaos.ch6.x86_64 NAME=""Red Hat Enterprise Linux Server"" VERSION=""7.9 (Maipo)"" ID=""rhel"" ID_LIKE=""fedora"" VARIANT=""Server"" VARIANT_ID=""server"" VERSION_ID=""7.9"" PRETTY_NAME=""Red Hat Enterprise Linux Server 7.9 (Maipo)"" ANSI_COLOR=""0;31"" CPE_NAME=""cpe:/o:redhat:enterprise_linux:7.9:GA:server"" HOME_URL=""https://www.redhat.com/"" BUG_REPORT_URL=""https://bugzilla.redhat.com/""  REDHAT_BUGZILLA_PRODUCT=""Red Hat Enterprise Linux 7"" REDHAT_BUGZILLA_PRODUCT_VERSION=7.9 REDHAT_SUPPORT_PRODUCT=""Red Hat Enterprise Linux"" REDHAT_SUPPORT_PRODUCT_VERSION=""7.9""",quartz945,3525787,00:47:52 22/04/2021 UTC,00:47:52 22/04/2021 UTC,Driverless Perf per-process sampling,Intel(R) Xeon(R) Processor code named Broadwell,2095147586,72,0.0,0.0,0.0,1.100000,3292374778.000000,0.3% (0.108 out of 36),0.3% (0.216 out of 72),0.0,0.0,0.0,0.0,0.0,0.0,0.0,0.0,0.0,0.0,0.0,0.0,100.0,0.0,0.0,Metric Value
9,1024,0.143296,0.0,0.1% (0.100 out of 72 logical CPUs),1,0s (0.0% of CPU Time),0.003s (100.0% of Wait Time),0.040s (80.0% of CPU Time),"needle ""1024"" ""10"" ""9""","3.10.0-1160.15.2.1chaos.ch6.x86_64 NAME=""Red Hat Enterprise Linux Server"" VERSION=""7.9 (Maipo)"" ID=""rhel"" ID_LIKE=""fedora"" VARIANT=""Server"" VARIANT_ID=""server"" VERSION_ID=""7.9"" PRETTY_NAME=""Red Hat Enterprise Linux Server 7.9 (Maipo)"" ANSI_COLOR=""0;31"" CPE_NAME=""cpe:/o:redhat:enterprise_linux:7.9:GA:server"" HOME_URL=""https://www.redhat.com/"" BUG_REPORT_URL=""https://bugzilla.redhat.com/""  REDHAT_BUGZILLA_PRODUCT=""Red Hat Enterprise Linux 7"" REDHAT_BUGZILLA_PRODUCT_VERSION=7.9 REDHAT_SUPPORT_PRODUCT=""Red Hat Enterprise Linux"" REDHAT_SUPPORT_PRODUCT_VERSION=""7.9""",quartz945,3586096,00:48:19 22/04/2021 UTC,00:48:19 22/04/2021 UTC,Driverless Perf per-process sampling,Intel(R) Xeon(R) Processor code named Broadwell,2095147793,72,0.0,0.0,0.0,1.000000,2618934741.250000,0.4% (0.140 out of 36),0.4% (0.280 out of 72),0.0,0.0,0.0,0.0,0.0,0.0,0.0,0.0,0.0,0.0,0.0,0.0,100.0,0.0,0.0,Metric Value
4,1024,0.117156,0.0,0.1% (0.092 out of 72 logical CPUs),1,0s (0.0% of CPU Time),0.005s (100.0% of Wait Time),0.040s (80.0% of CPU Time),"needle ""1024"" ""10"" ""4""","3.10.0-1160.15.2.1chaos.ch6.x86_64 NAME=""Red Hat Enterprise Linux Server"" VERSION=""7.9 (Maipo)"" ID=""rhel"" ID_LIKE=""fedora"" VARIANT=""Server"" VARIANT_ID=""server"" VERSION_ID=""7.9"" PRETTY_NAME=""Red Hat Enterprise Linux Server 7.9 (Maipo)"" ANSI_COLOR=""0;31"" CPE_NAME=""cpe:/o:redhat:enterprise_linux:7.9:GA:server"" HOME_URL=""https://www.redhat.com/"" BUG_REPORT_URL=""https://bugzilla.redhat.com/""  REDHAT_BUGZILLA_PRODUCT=""Red Hat Enterprise Linux 7"" REDHAT_BUGZILLA_PRODUCT_VERSION=7.9 REDHAT_SUPPORT_PRODUCT=""Red Hat Enterprise Linux"" REDHAT_SUPPORT_PRODUCT_VERSION=""7.9""",quartz945,3668267,00:48:45 22/04/2021 UTC,00:48:46 22/04/2021 UTC,Driverless Perf per-process sampling,Intel(R) Xeon(R) Processor code named Broadwell,2095147244,72,0.0,0.0,0.0,1.000000,2618934055.000000,0.5% (0.171 out of 36),0.5% (0.342 out of 72),0.0,0.0,0.0,0.0,0.0,0.0,0.0,0.0,0.0,0.0,0.0,0.0,100.0,0.0,0.0,Metric Value
36,2048,0.145823,0.0,0.4% (0.301 out of 72 logical CPUs),1,0s (0.0% of CPU Time),0.004s (100.0% of Wait Time),0.040s (44.5% of CPU Time),"needle ""2048"" ""10"" ""36""","3.10.0-1160.15.2.1chaos.ch6.x86_64 NAME=""Red Hat Enterprise Linux Server"" VERSION=""7.9 (Maipo)"" ID=""rhel"" ID_LIKE=""fedora"" VARIANT=""Server"" VARIANT_ID=""server"" VERSION_ID=""7.9"" PRETTY_NAME=""Red Hat Enterprise Linux Server 7.9 (Maipo)"" ANSI_COLOR=""0;31"" CPE_NAME=""cpe:/o:redhat:enterprise_linux:7.9:GA:server"" HOME_URL=""https://www.redhat.com/"" BUG_REPORT_URL=""https://bugzilla.redhat.com/""  REDHAT_BUGZILLA_PRODUCT=""Red Hat Enterprise Linux 7"" REDHAT_BUGZILLA_PRODUCT_VERSION=7.9 REDHAT_SUPPORT_PRODUCT=""Red Hat Enterprise Linux"" REDHAT_SUPPORT_PRODUCT_VERSION=""7.9""",quartz945,3674408,00:49:13 22/04/2021 UTC,00:49:13 22/04/2021 UTC,Driverless Perf per-process sampling,Intel(R) Xeon(R) Processor code named Broadwell,2095149925,72,0.0,0.0,0.0,1.000000,2843417755.357142,,0.7% (0.481 out of 72),,0.0,0.0,0.0,0.0,0.0,0.0,0.0,0.0,0.0,0.0,0.0,100.0,0.0,0.0,Metric Value
18,2048,0.157547,0.0,0.3% (0.221 out of 72 logical CPUs),1,0s (0.0% of CPU Time),0.003s (100.0% of Wait Time),0.041s (58.8% of CPU Time),"needle ""2048"" ""10"" ""18""","3.10.0-1160.15.2.1chaos.ch6.x86_64 NAME=""Red Hat Enterprise Linux Server"" VERSION=""7.9 (Maipo)"" ID=""rhel"" ID_LIKE=""fedora"" VARIANT=""Server"" VARIANT_ID=""server"" VERSION_ID=""7.9"" PRETTY_NAME=""Red Hat Enterprise Linux Server 7.9 (Maipo)"" ANSI_COLOR=""0;31"" CPE_NAME=""cpe:/o:redhat:enterprise_linux:7.9:GA:server"" HOME_URL=""https://www.redhat.com/"" BUG_REPORT_URL=""https://bugzilla.redhat.com/""  REDHAT_BUGZILLA_PRODUCT=""Red Hat Enterprise Linux 7"" REDHAT_BUGZILLA_PRODUCT_VERSION=7.9 REDHAT_SUPPORT_PRODUCT=""Red Hat Enterprise Linux"" REDHAT_SUPPORT_PRODUCT_VERSION=""7.9""",quartz945,3617021,00:49:39 22/04/2021 UTC,00:49:40 22/04/2021 UTC,Driverless Perf per-process sampling,Intel(R) Xeon(R) Processor code named Broadwell,2095147891,72,0.0,0.0,0.0,1.157895,2880828350.125000,,0.7% (0.509 out of 72),,0.0,0.0,0.0,0.0,0.0,0.0,0.0,0.0,0.0,0.0,0.0,0.0,0.0,0.0,Metric Value
9,2048,0.158706,0.0,0.3% (0.237 out of 72 logical CPUs),1,0s (0.0% of CPU Time),0.003s (100.0% of Wait Time),0.040s (57.2% of CPU Time),"needle ""2048"" ""10"" ""9""","3.10.0-1160.15.2.1chaos.ch6.x86_64 NAME=""Red Hat Enterprise Linux Server"" VERSION=""7.9 (Maipo)"" ID=""rhel"" ID_LIKE=""fedora"" VARIANT=""Server"" VARIANT_ID=""server"" VERSION_ID=""7.9"" PRETTY_NAME=""Red Hat Enterprise Linux Server 7.9 (Maipo)"" ANSI_COLOR=""0;31"" CPE_NAME=""cpe:/o:redhat:enterprise_linux:7.9:GA:server"" HOME_URL=""https://www.redhat.com/"" BUG_REPORT_URL=""https://bugzilla.redhat.com/""  REDHAT_BUGZILLA_PRODUCT=""Red Hat Enterprise Linux 7"" REDHAT_BUGZILLA_PRODUCT_VERSION=7.9 REDHAT_SUPPORT_PRODUCT=""Red Hat Enterprise Linux"" REDHAT_SUPPORT_PRODUCT_VERSION=""7.9""",quartz945,3581735,00:50:06 22/04/2021 UTC,00:50:07 22/04/2021 UTC,Driverless Perf per-process sampling,Intel(R) Xeon(R) Processor code named Broadwell,2095149980,72,0.0,0.0,0.0,0.894737,2739811512.307693,,0.6% (0.411 out of 72),,0.0,0.0,0.0,0.0,0.0,0.0,0.0,0.0,0.0,0.0,0.0,100.0,0.0,0.0,Metric Value
4,2048,0.153538,0.0,0.4% (0.291 out of 72 logical CPUs),1,0s (0.0% of CPU Time),0.004s (100.0% of Wait Time),0.040s (50.0% of CPU Time),"needle ""2048"" ""10"" ""4""","3.10.0-1160.15.2.1chaos.ch6.x86_64 NAME=""Red Hat Enterprise Linux Server"" VERSION=""7.9 (Maipo)"" ID=""rhel"" ID_LIKE=""fedora"" VARIANT=""Server"" VARIANT_ID=""server"" VERSION_ID=""7.9"" PRETTY_NAME=""Red Hat Enterprise Linux Server 7.9 (Maipo)"" ANSI_COLOR=""0;31"" CPE_NAME=""cpe:/o:redhat:enterprise_linux:7.9:GA:server"" HOME_URL=""https://www.redhat.com/"" BUG_REPORT_URL=""https://bugzilla.redhat.com/""  REDHAT_BUGZILLA_PRODUCT=""Red Hat Enterprise Linux 7"" REDHAT_BUGZILLA_PRODUCT_VERSION=7.9 REDHAT_SUPPORT_PRODUCT=""Red Hat Enterprise Linux"" REDHAT_SUPPORT_PRODUCT_VERSION=""7.9""",quartz945,3543443,00:50:33 22/04/2021 UTC,00:50:33 22/04/2021 UTC,Driverless Perf per-process sampling,Intel(R) Xeon(R) Processor code named Broadwell,2095147555,72,0.0,0.0,0.0,1.000000,2653853569.666667,,0.7% (0.490 out of 72),,0.0,0.0,0.0,0.0,0.0,0.0,0.0,0.0,0.0,0.0,0.0,0.0,0.0,0.0,Metric Value
36,4096,0.278692,0.0,0.9% (0.631 out of 72 logical CPUs),1,0s (0.0% of CPU Time),0.003s (100.0% of Wait Time),0.040s (19.0% of CPU Time),"needle ""4096"" ""10"" ""36""","3.10.0-1160.15.2.1chaos.ch6.x86_64 NAME=""Red Hat Enterprise Linux Server"" VERSION=""7.9 (Maipo)"" ID=""rhel"" ID_LIKE=""fedora"" VARIANT=""Server"" VARIANT_ID=""server"" VERSION_ID=""7.9"" PRETTY_NAME=""Red Hat Enterprise Linux Server 7.9 (Maipo)"" ANSI_COLOR=""0;31"" CPE_NAME=""cpe:/o:redhat:enterprise_linux:7.9:GA:server"" HOME_URL=""https://www.redhat.com/"" BUG_REPORT_URL=""https://bugzilla.redhat.com/""  REDHAT_BUGZILLA_PRODUCT=""Red Hat Enterprise Linux 7"" REDHAT_BUGZILLA_PRODUCT_VERSION=7.9 REDHAT_SUPPORT_PRODUCT=""Red Hat Enterprise Linux"" REDHAT_SUPPORT_PRODUCT_VERSION=""7.9""",quartz945,3739896,00:51:00 22/04/2021 UTC,00:51:01 22/04/2021 UTC,Driverless Perf per-process sampling,Intel(R) Xeon(R) Processor code named Broadwell,2095148795,72,0.0,0.0,0.0,1.153846,3223305838.461538,1.9% (0.701 out of 36),1.0% (0.701 out of 72),44.9,14.3,14.3,0.0,0.0,0.0,0.0,0.0,0.0,0.0,0.0,0.0,100.0,0.0,0.0,Metric Value
18,4096,0.332825,0.0,1.0% (0.695 out of 72 logical CPUs),1,0s (0.0% of CPU Time),0.004s (100.0% of Wait Time),0.040s (15.4% of CPU Time),"needle ""4096"" ""10"" ""18""","3.10.0-1160.15.2.1chaos.ch6.x86_64 NAME=""Red Hat Enterprise Linux Server"" VERSION=""7.9 (Maipo)"" ID=""rhel"" ID_LIKE=""fedora"" VARIANT=""Server"" VARIANT_ID=""server"" VERSION_ID=""7.9"" PRETTY_NAME=""Red Hat Enterprise Linux Server 7.9 (Maipo)"" ANSI_COLOR=""0;31"" CPE_NAME=""cpe:/o:redhat:enterprise_linux:7.9:GA:server"" HOME_URL=""https://www.redhat.com/"" BUG_REPORT_URL=""https://bugzilla.redhat.com/""  REDHAT_BUGZILLA_PRODUCT=""Red Hat Enterprise Linux 7"" REDHAT_BUGZILLA_PRODUCT_VERSION=7.9 REDHAT_SUPPORT_PRODUCT=""Red Hat Enterprise Linux"" REDHAT_SUPPORT_PRODUCT_VERSION=""7.9""",quartz945,3612930,00:51:27 22/04/2021 UTC,00:51:28 22/04/2021 UTC,Driverless Perf per-process sampling,Intel(R) Xeon(R) Processor code named Broadwell,2095149109,72,0.0,0.0,0.0,1.384615,3017014716.960000,2.1% (0.753 out of 36),1.0% (0.753 out of 72),56.5,35.7,0.0,0.0,0.0,0.0,0.0,0.0,0.0,0.0,0.0,0.0,100.0,0.0,0.0,Metric Value
9,4096,0.313486,0.0,0.9% (0.640 out of 72 logical CPUs),1,0s (0.0% of CPU Time),0.003s (100.0% of Wait Time),0.040s (19.0% of CPU Time),"needle ""4096"" ""10"" ""9""","3.10.0-1160.15.2.1chaos.ch6.x86_64 NAME=""Red Hat Enterprise Linux Server"" VERSION=""7.9 (Maipo)"" ID=""rhel"" ID_LIKE=""fedora"" VARIANT=""Server"" VARIANT_ID=""server"" VERSION_ID=""7.9"" PRETTY_NAME=""Red Hat Enterprise Linux Server 7.9 (Maipo)"" ANSI_COLOR=""0;31"" CPE_NAME=""cpe:/o:redhat:enterprise_linux:7.9:GA:server"" HOME_URL=""https://www.redhat.com/"" BUG_REPORT_URL=""https://bugzilla.redhat.com/""  REDHAT_BUGZILLA_PRODUCT=""Red Hat Enterprise Linux 7"" REDHAT_BUGZILLA_PRODUCT_VERSION=7.9 REDHAT_SUPPORT_PRODUCT=""Red Hat Enterprise Linux"" REDHAT_SUPPORT_PRODUCT_VERSION=""7.9""",quartz945,3618559,00:51:54 22/04/2021 UTC,00:51:54 22/04/2021 UTC,Driverless Perf per-process sampling,Intel(R) Xeon(R) Processor code named Broadwell,2095149348,72,0.0,0.0,0.0,1.326923,2950312347.183673,2.5% (0.914 out of 36),1.1% (0.783 out of 72),49.5,24.8,0.0,0.0,0.0,0.0,0.0,0.0,0.0,0.0,0.0,0.0,100.0,0.0,0.0,Metric Value
4,4096,0.282929,0.0,1.0% (0.707 out of 72 logical CPUs),1,0s (0.0% of CPU Time),0.003s (100.0% of Wait Time),0.040s (15.4% of CPU Time),"needle ""4096"" ""10"" ""4""","3.10.0-1160.15.2.1chaos.ch6.x86_64 NAME=""Red Hat Enterprise Linux Server"" VERSION=""7.9 (Maipo)"" ID=""rhel"" ID_LIKE=""fedora"" VARIANT=""Server"" VARIANT_ID=""server"" VERSION_ID=""7.9"" PRETTY_NAME=""Red Hat Enterprise Linux Server 7.9 (Maipo)"" ANSI_COLOR=""0;31"" CPE_NAME=""cpe:/o:redhat:enterprise_linux:7.9:GA:server"" HOME_URL=""https://www.redhat.com/"" BUG_REPORT_URL=""https://bugzilla.redhat.com/""  REDHAT_BUGZILLA_PRODUCT=""Red Hat Enterprise Linux 7"" REDHAT_BUGZILLA_PRODUCT_VERSION=7.9 REDHAT_SUPPORT_PRODUCT=""Red Hat Enterprise Linux"" REDHAT_SUPPORT_PRODUCT_VERSION=""7.9""",quartz945,3664039,00:52:20 22/04/2021 UTC,00:52:20 22/04/2021 UTC,Driverless Perf per-process sampling,Intel(R) Xeon(R) Processor code named Broadwell,2095148866,72,0.0,0.0,0.0,1.173077,3277027713.487179,1.9% (0.691 out of 36),1.0% (0.691 out of 72),52.6,14.1,14.1,0.0,0.0,0.0,0.0,0.0,0.0,0.0,0.0,0.0,100.0,0.0,0.0,Metric Value
36,8192,1.387868,0.0,1.2% (0.893 out of 72 logical CPUs),1,0s (0.0% of CPU Time),0.003s (100.0% of Wait Time),0.040s (4.2% of CPU Time),"needle ""8192"" ""10"" ""36""","3.10.0-1160.15.2.1chaos.ch6.x86_64 NAME=""Red Hat Enterprise Linux Server"" VERSION=""7.9 (Maipo)"" ID=""rhel"" ID_LIKE=""fedora"" VARIANT=""Server"" VARIANT_ID=""server"" VERSION_ID=""7.9"" PRETTY_NAME=""Red Hat Enterprise Linux Server 7.9 (Maipo)"" ANSI_COLOR=""0;31"" CPE_NAME=""cpe:/o:redhat:enterprise_linux:7.9:GA:server"" HOME_URL=""https://www.redhat.com/"" BUG_REPORT_URL=""https://bugzilla.redhat.com/""  REDHAT_BUGZILLA_PRODUCT=""Red Hat Enterprise Linux 7"" REDHAT_BUGZILLA_PRODUCT_VERSION=7.9 REDHAT_SUPPORT_PRODUCT=""Red Hat Enterprise Linux"" REDHAT_SUPPORT_PRODUCT_VERSION=""7.9""",quartz945,3859873,00:52:47 22/04/2021 UTC,00:52:48 22/04/2021 UTC,Driverless Perf per-process sampling,Intel(R) Xeon(R) Processor code named Broadwell,2095147805,72,0.0,0.0,0.0,2.047872,3114408899.324325,2.6% (0.935 out of 36),1.3% (0.935 out of 72),73.5,8.2,43.0,100.0,0.0,0.0,0.0,0.0,0.0,0.0,0.0,0.0,100.0,0.0,0.0,Metric Value
18,8192,1.375665,0.0,1.2% (0.897 out of 72 logical CPUs),1,0s (0.0% of CPU Time),0.003s (100.0% of Wait Time),0.041s (4.4% of CPU Time),"needle ""8192"" ""10"" ""18""","3.10.0-1160.15.2.1chaos.ch6.x86_64 NAME=""Red Hat Enterprise Linux Server"" VERSION=""7.9 (Maipo)"" ID=""rhel"" ID_LIKE=""fedora"" VARIANT=""Server"" VARIANT_ID=""server"" VERSION_ID=""7.9"" PRETTY_NAME=""Red Hat Enterprise Linux Server 7.9 (Maipo)"" ANSI_COLOR=""0;31"" CPE_NAME=""cpe:/o:redhat:enterprise_linux:7.9:GA:server"" HOME_URL=""https://www.redhat.com/"" BUG_REPORT_URL=""https://bugzilla.redhat.com/""  REDHAT_BUGZILLA_PRODUCT=""Red Hat Enterprise Linux 7"" REDHAT_BUGZILLA_PRODUCT_VERSION=7.9 REDHAT_SUPPORT_PRODUCT=""Red Hat Enterprise Linux"" REDHAT_SUPPORT_PRODUCT_VERSION=""7.9""",quartz945,3939634,00:53:16 22/04/2021 UTC,00:53:17 22/04/2021 UTC,Driverless Perf per-process sampling,Intel(R) Xeon(R) Processor code named Broadwell,2095148414,72,0.0,0.0,0.0,2.138298,3290037743.859375,2.6% (0.933 out of 36),1.3% (0.933 out of 72),75.4,8.5,40.5,100.0,0.0,0.0,0.0,0.0,0.0,0.0,0.0,0.0,100.0,0.0,0.0,Metric Value
9,8192,1.416503,0.0,1.2% (0.895 out of 72 logical CPUs),1,0s (0.0% of CPU Time),0.003s (100.0% of Wait Time),0.043s (4.5% of CPU Time),"needle ""8192"" ""10"" ""9""","3.10.0-1160.15.2.1chaos.ch6.x86_64 NAME=""Red Hat Enterprise Linux Server"" VERSION=""7.9 (Maipo)"" ID=""rhel"" ID_LIKE=""fedora"" VARIANT=""Server"" VARIANT_ID=""server"" VERSION_ID=""7.9"" PRETTY_NAME=""Red Hat Enterprise Linux Server 7.9 (Maipo)"" ANSI_COLOR=""0;31"" CPE_NAME=""cpe:/o:redhat:enterprise_linux:7.9:GA:server"" HOME_URL=""https://www.redhat.com/"" BUG_REPORT_URL=""https://bugzilla.redhat.com/""  REDHAT_BUGZILLA_PRODUCT=""Red Hat Enterprise Linux 7"" REDHAT_BUGZILLA_PRODUCT_VERSION=7.9 REDHAT_SUPPORT_PRODUCT=""Red Hat Enterprise Linux"" REDHAT_SUPPORT_PRODUCT_VERSION=""7.9""",quartz945,3978294,00:53:45 22/04/2021 UTC,00:53:46 22/04/2021 UTC,Driverless Perf per-process sampling,Intel(R) Xeon(R) Processor code named Broadwell,2095147716,72,0.0,0.0,0.0,2.063830,3079232249.272727,2.7% (0.956 out of 36),1.3% (0.934 out of 72),78.3,8.1,40.5,100.0,0.0,0.0,0.0,0.0,0.0,0.0,0.0,0.0,100.0,0.0,0.0,Metric Value
4,8192,1.421214,0.0,1.2% (0.890 out of 72 logical CPUs),1,0s (0.0% of CPU Time),0.003s (100.0% of Wait Time),0.040s (4.3% of CPU Time),"needle ""8192"" ""10"" ""4""","3.10.0-1160.15.2.1chaos.ch6.x86_64 NAME=""Red Hat Enterprise Linux Server"" VERSION=""7.9 (Maipo)"" ID=""rhel"" ID_LIKE=""fedora"" VARIANT=""Server"" VARIANT_ID=""server"" VERSION_ID=""7.9"" PRETTY_NAME=""Red Hat Enterprise Linux Server 7.9 (Maipo)"" ANSI_COLOR=""0;31"" CPE_NAME=""cpe:/o:redhat:enterprise_linux:7.9:GA:server"" HOME_URL=""https://www.redhat.com/"" BUG_REPORT_URL=""https://bugzilla.redhat.com/""  REDHAT_BUGZILLA_PRODUCT=""Red Hat Enterprise Linux 7"" REDHAT_BUGZILLA_PRODUCT_VERSION=7.9 REDHAT_SUPPORT_PRODUCT=""Red Hat Enterprise Linux"" REDHAT_SUPPORT_PRODUCT_VERSION=""7.9""",quartz945,3995100,00:54:13 22/04/2021 UTC,00:54:15 22/04/2021 UTC,Driverless Perf per-process sampling,Intel(R) Xeon(R) Processor code named Broadwell,2095148383,72,0.0,0.0,0.0,2.074468,3060329098.764045,2.6% (0.938 out of 36),1.3% (0.938 out of 72),76.9,8.8,41.8,100.0,0.0,0.0,0.0,0.0,0.0,0.0,0.0,0.0,100.0,0.0,0.0,Metric Value
